Sigla,Nome do evento,Estrato,quadrienio
3DOR,Eurographics Workshop on 3D Object Retrieval,B3,2017-2020
3DUI,IEEE Symposium on 3D User Interfaces,A3,2017-2020
3DV,International Conference on 3D Vision,A1,2017-2020
3ICT,"International Conference on Innovation and Intelligence for Informatics, Computing, and Technologies",B2,2017-2020
5GWF,IEEE 5G World Forum,B1,2017-2020
A-TEST,"International Workshop on Automating Test Case Design, Selection and Evaluation",B2,2017-2020
AAAI,AAAI Conference on Artificial Intelligence,A1,2017-2020
AAMAS,International Conference on Autonomous Agents and Multiagent Systems,A1,2017-2020
ABZ,"International ABZ Conference ASM, Alloy, B, TLA, VDM, Z",B3,2017-2020
AC-IADIS,IADIS International Conference on Applied Computing,B4,2017-2020
ACC,American Control Conference,A1,2017-2020
ACCV,Asian Conference on Computer Vision,A1,2017-2020
ACE,International Conference on Advances in Computer Entertainment Technology,B2,2017-2020
ACHI-IARIA,IARIA International Conference on Advances in Computer-Human Interactions,B4,2017-2020
ACII,International Conference on Affective Computing and Intelligent Interaction,A4,2017-2020
ACIRS,Asia-Pacific Conference on Intelligent Robot Systems,B2,2017-2020
ACISP,Australasian Conference on Information Security and Privacy,A4,2017-2020
ACIVS,Advanced Concepts for Intelligent Vision Systems,A4,2017-2020
ACL,Annual Meeting of the Association for Computational Linguistics,A1,2017-2020
ACM CC,Creativity & Cognition,B1,2017-2020
ACM CHI PLAY,Annual Symposium on Computer-Human Interaction in Play,A2,2017-2020
ACM IMX,ACM International Conference on Interactive Media Experiences,A3,2017-2020
ACMIDC,ACM Internacional Conference on Interaction Design and Children,A2,2017-2020
ACMMM,ACM International Conference on Multimedia,A1,2017-2020
ACMSOCC,ACM Symposium on Cloud Computing,A2,2017-2020
ACNS,Applied Cryptography and Network Security,A3,2017-2020
ACRA,Australasian Conference on Robotics and Automation,B4,2017-2020
ACSAC,Computer Security Applications Conference,A2,2017-2020
ADBIS,East European Conference on Advances in Databases and Information Systems,A4,2017-2020
ADHOC-NOW,International Conference on Ad-Hoc Networks and Wireless,B2,2017-2020
ADMS,International Workshop on Accelerating Analytics and Data Management Systems Using Modern Processor and Storage Architectures,B4,2017-2020
ADVANCE,International Workshop on Advances in ICT Infrastructures and Services,B4,2017-2020
AES,International Convention of the Audio Engineering Society,B3,2017-2020
AES-ICSA,AES International Conference on Semantic Audio,B1,2017-2020
AFRICACRYPT,International Conference on Cryptology in Africa,A4,2017-2020
AGILEGIS,Conference on Geographic Information Science,B3,2017-2020
AH,Augmented Human International Conference,A3,2017-2020
AHS,NASA/ESA Conference on Adaptive Hardware and Systems,B2,2017-2020
AI,Canadian Conference on Artificial Intelligence,B1,2017-2020
AIC,International Workshop on Artificial Intelligence and Cognition,B4,2017-2020
AICCSA,ACS/IEEE International Conference on Computer Systems and Applications,A4,2017-2020
AICT,International Conference on Application of Information and Communication Technologies,B1,2017-2020
AICT-IARIA,IARIA Advanced International Conference on Telecommunications,B4,2017-2020
AIED,International Conference on Artificial Intelligence in Education,A3,2017-2020
AIES,"AAAI/ACM Conference on AI, Ethics, and Society",A2,2017-2020
AIIDE,AAAI Conference on Artificial Intelligence and Interactive Digital Entertainment,A3,2017-2020
AIM,IEEE/ASME International Conference on Advanced Intelligent Mechatronics,A4,2017-2020
AIME,Conference on Artificial Intelligence in Medicine,B3,2017-2020
AIML,Advances in Modal Logic,B2,2017-2020
AIMS,"International Conference on Autonomous Infrastructure, Management and Security",B3,2017-2020
AINA,IEEE International Conference on Advanced Information Networking and Applications,A3,2017-2020
AINAW,IEEE International Conference on Advanced Information Networking and Applications Workshops,B3,2017-2020
AIPR,Applied Imagery Pattern Recognition Workshop,B1,2017-2020
AISTATS,International Conference on Artificial Intelligence and Statistics,A1,2017-2020
AITest,IEEE International Conference On Artificial Intelligence Testing,B2,2017-2020
AITM,Conference on Advanced Information Technologies for Management,B4,2017-2020
AlCoB,International Conference on Algorithms for Computational Biology,B2,2017-2020
ALENEX,SIAM Symposium on Algorithm Engineering and Experiments,A4,2017-2020
ALIO/EURO,Joint ALIO/EURO International Conference on Applied Combinatorial Optimization,B4,2017-2020
ALLERTON,"Allerton Conference on Communication, Control, and Computing",A2,2017-2020
AMCIS,Americas Conference on Information Systems,A2,2017-2020
AMD,Workshop on Analysis of Movement Data,B4,2017-2020
AMIA,Annual Symposium of the American Medical Informatics Association,A2,2017-2020
AMW,Alberto Mendelzon International Workshop on Foundations of Data Management,B1,2017-2020
ANCS,ACM/IEEE Symposium on Architectures for Networking and Communications Systems,A4,2017-2020
ANPPOM,Congresso da Associação Nacional de Pesquisa e Pós-Graduação em Música,B3,2017-2020
ANSS,Annual Simulation Symposium,B2,2017-2020
ANT,"International Conference on Ambient Systems, Networks and Technologies",B4,2017-2020
ANTS,IEEE International Conference on Advanced Networks and Telecommuncations Systems,B1,2017-2020
APCCAS,IEEE Asia Pacific Conference on Circuits and Systems,B1,2017-2020
APKC,ACM on ASIA Public-Key Cryptography Workshop,B3,2017-2020
APLAS,Asian Symposium on Programming Languages and Systems,A4,2017-2020
APNOMS,Asia-Pacific Network Operations and Management Symposium,A4,2017-2020
APPROX-RANDOM,International Conference on Approximation Algorithms for Combinatorial Optimization Problems,A3,2017-2020
APWEB,Asia-Pacific Web Conference,B2,2017-2020
ARC,International Symposium on Applied Reconfigurable Computing,B1,2017-2020
ARCS,International Conference on Architecture of Computing Systems,B2,2017-2020
ARES,"International Conference on Availability, Reliability and Security",A2,2017-2020
ARIC,International Workshop on Intelligent and Resilient Cities,B4,2017-2020
ARM,Workshop on Adaptive and Reflective Middleware,B4,2017-2020
ARSO,IEEE Workshop on Advanced Robotics and its Social Impacts,B2,2017-2020
ASAP,"IEEE International Conference on Application-specific Systems, Architectures and Processors",A4,2017-2020
ASE,IEEE/ACM International Conference on Automated Software Engineering,A1,2017-2020
ASIACCS,"ACM ASIA Symposium on Information, Computer and Communications Security",A1,2017-2020
ASIACRYPT,Annual International Conference on the Theory and Applications of Cryptology and Information Security,A1,2017-2020
ASID,"International Conference on Anti-counterfeiting, Security, and Identification in Communication",B3,2017-2020
ASMS,Advanced Satellite Multimedia Systems Conference,B4,2017-2020
ASONAM,IEEE/ACM International Conference on Advances in Social Networks Analysis and Mining,A2,2017-2020
ASP-DAC,Asia and South Pacific Design Automation Conference,A2,2017-2020
ASPLOS,International Conference on Architectural Support for Programming Languages and Operating Systems,A1,2017-2020
ASPRS,Annual Conference and International Lidar Mapping Forum,B4,2017-2020
ASSETS,International ACM SIGACCESS Conference on Computers and Accessibility,A2,2017-2020
AST,IEEE/ACM International Workshop on Automation of Software Testing,B3,2017-2020
ASWEC,Australasian Software Engineering Conference,B3,2017-2020
ASYNC,IEEE International Symposium on Asynchronous Circuits and Systems,B2,2017-2020
ATC,USENIX Annual Technical Conference,A1,2017-2020
Atech,International Conference on Agreement Technologies,B3,2017-2020
ATS,Asian Test Symposium,B2,2017-2020
ATT,International Workshop on Agents in Traffic and Transportation,B4,2017-2020
AUDIOMOSTLY,Audio Mostly Conference,B1,2017-2020
AusDM,Australasian Data Mining Conference,B3,2017-2020
AVI,International Working Conference on Advanced Visual Interfaces,A4,2017-2020
AVSS,IEEE International Conference on Advanced Video and Signal Based Surveillance,A2,2017-2020
BCB,"ACM International Conference on Bioinformatics, Computational Biology, and Health Informatics",A2,2017-2020
BCS-HCI,Conference of the British Computer Society Human Computer Interaction Specialist Group,B1,2017-2020
BDCAT,"IEEE/ACM International Conference on Big Data Computing, Applications and Technologies",B1,2017-2020
BDCLOUD,International Conference on Big Data and Cloud Computing,A4,2017-2020
BENCH,"International Symposium on Benchmarking, Measuring and Optimization",B2,2017-2020
BESC,"International Conference on Behavior, Economic and Social Computing",B3,2017-2020
BIATA,Bioinformatics: from Algorithms to Applications,B3,2017-2020
BIBE,IEEE International Conference on BioInformatics and BioEngineering,A3,2017-2020
BIBM,IEEE International Conference on Bioinformatics and Biomedicine,A2,2017-2020
BICT,EAI International Conference on Bio-inspired Information an Communications Technologies,B2,2017-2020
BIGDATA,IEEE International Conference on Big Data,A1,2017-2020
BigDataSE,IEEE International Conference On Big Data Science And Engineering,A3,2017-2020
BIGDATASERVICE,IEEE International Conference on Big Data Computing Service and Applications,A4,2017-2020
BIGDSE,IEEE/ACM International Workshop on Big Data Software Engineering,B2,2017-2020
BigSpatial,ACM SIGSPATIAL International Workshop on Analytics for Big Geospatial Data,B3,2017-2020
BioCOMP-WC,International Conference on Bioinformatics & Computational Biology,B2,2017-2020
BioRob,IEEE RAS & EMBS International Conference on Biomedical Robotics and Biomechatronics,A3,2017-2020
BIOSENSORS,World Congress on Biosensors,B4,2017-2020
BIS,International Conference on Business Information Systems,A4,2017-2020
BLACKSEACOM,IEEE International Black Sea Conference on Communications and Networking,A4,2017-2020
BLOCKCHAIN,IEEE International Conference on Blockchain,A4,2017-2020
BMEI,International Conference BioMedical Engineering and Informatics,A4,2017-2020
BMVC,British Machine Vision Conference,A1,2017-2020
BPM,International Conference on Business Process Management,A2,2017-2020
BPMS2,Workshop on Social and Human Aspects of Business Process Management,B4,2017-2020
BRACIS,Brazilian Conference on Intelligent Systems,A4,2017-2020
BRAHUR,Brazilian Humanoid Robot Workshop,B4,2017-2020
BRAINS,"Blockchain, Robotics and AI for Networking Security Conference",B4,2017-2020
BRASERO,Brazilian Workshop on Service Robotics,B4,2017-2020
BRASNAM,Brazilian Workshop on Social Network Analysis and Mining,B4,2017-2020
BRESCI,Brazilian e-Science Workshop,B4,2017-2020
BSB,Brazilian Symposium on Bioinformatics,B1,2017-2020
BSN,IEEE-EMBS International Conference on Wearable and Implantable Body Sensor Networks,A3,2017-2020
BTAS,"IEEE International Conference on Biometrics: Theory, Applications, and Systems",A2,2017-2020
C&T,International Conference on Communities and Technologies,B3,2017-2020
C4BIE,"International Workshop on Cloud for Business, Industry and Enterprises",B4,2017-2020
CAD,International CAD Conference,A4,2017-2020
CADE,International Conference on Automated Deduction,A3,2017-2020
CAIP,International Conference on Computer Analysis of Images and Patterns,B1,2017-2020
CAISE,International Conference on Advanced Information Systems Engineering,A3,2017-2020
CALDAM,International Conference on Algorithms and Discrete Applied Mathematics,B3,2017-2020
CAMAD,IEEE International Workshop on Computer Aided Modeling and Design of Communication Links and Networks,A4,2017-2020
CANDAR,International Symposium on Computing and Networking,B1,2017-2020
CANS,International Conference on Cryptology and Network Security,A3,2017-2020
CAPSI,Conferência da Associação Portuguesa de Sistemas de Informação,B4,2017-2020
CARLA,Latin America High Performance Computing Conference,B3,2017-2020
CASA,Conference on Computer Animation and Social Agents,B3,2017-2020
CASCON,Annual International Conference on Computer Science and Software Engineering,B1,2017-2020
CASE,IEEE Conference on Automation Science and Engineering,A3,2017-2020
CASES,"International Conference on Compilers, Architecture, and Synthesis for Embedded Systems",B4,2017-2020
CATA,International Conference on Computers and their Applications,B4,2017-2020
CATE,Computers and Advanced Technology in Education,B4,2017-2020
CAV,International Conference on Computer Aided Verification,A1,2017-2020
CBA,Congresso Brasileiro de Automática,B4,2017-2020
CBEB,Congresso Brasileiro de Engenharia Biomédica,B4,2017-2020
CBI,IEEE Conference on Business Informatics,A4,2017-2020
CBIC,Congresso Brasileiro de Inteligência Computacional,B4,2017-2020
CBIS,Congresso Brasileiro de Informática em Saúde,B4,2017-2020
CBMI,International Workshop on Content-Based Multimedia Indexing,A4,2017-2020
CBMS,International Symposium on Computer-Based Medical Systems,A3,2017-2020
CBS,IEEE International Conference on Cyborg and Bionic Systems,B3,2017-2020
CBSF,Congresso Brasileiro de Sistemas Fuzzy,B4,2017-2020
CBSoft,Brazilian Conference on Software: Theory and Practice,B4,2017-2020
CBTMS,Congresso Brasileiro de Telemedicina e Telesaúde,B4,2017-2020
CC,International Conference on Compiler Construction,A3,2017-2020
CCC,IEEE Conference on Computational Complexity,A3,2017-2020
CCCG,Canadian Conference on Computational Geometry,B3,2017-2020
CCECE,Canadian Conference on Electrical and Computer Engineering,A3,2017-2020
CCGRID,"IEEE/ACM International Symposium on Cluster, Cloud and Grid Computing",A2,2017-2020
CCNC,Annual IEEE Consumer Communications & Networking Conference,A2,2017-2020
CCS,ACM Symposium on Computer and Communications Security,A1,2017-2020
CCSI,Workshop on Core Computations on Spatial Information,B4,2017-2020
CDC,IEEE Conference on Decision and Control,A1,2017-2020
CDH,International Conference on Digital Health,A4,2017-2020
CDVE,"International Conference on Cooperative Design, Visualization, and Engineering",B2,2017-2020
CEC,IEEE Congress on Evolutionary Computation,A1,2017-2020
CECC,Central European Cybersecurity Conference,B4,2017-2020
CELDA,Cognition and Exploratory Learning in Digital Age,B4,2017-2020
CENTERIS,Conference on ENTERprise Information Systems,A3,2017-2020
CESI,International Workshop on Conducting Empirical Studies in Industry,B3,2017-2020
CF,ACM International Conference on Computing Frontiers,A3,2017-2020
CGI,Computer Graphics International Conference,B1,2017-2020
CGO,International Symposium on Code Generation and Optimization,A2,2017-2020
CHASE,International Workshop on Cooperative and Human Aspects of Software Engineering,A3,2017-2020
CHES,Conference on Cryptographic Hardware and Embedded Systems,B3,2017-2020
CHI,ACM SIGKDD Conference on Knowledge Discovery and Data Mining,A1,2017-2020
CHIIR,Conference on Human Information Interaction and Retrieval,A3,2017-2020
CHIPlay,ACM SIGCHI Annual Symposium on Computer-Human Interaction in Play,A2,2017-2020
CIAC,International Conference on Algorithms and Complexity,B2,2017-2020
CIARP,Iberoamerican Congress on Pattern Recognition,A4,2017-2020
CIBCB,IEEE Conference on Computational Intelligence in Bioinformatics and Computational Biology,A4,2017-2020
CIbSE,Conferencia Iberoamericana de Software Engineering,B2,2017-2020
CIC,International Conference on Collaboration and Internet Computing,A3,2017-2020
CICC,IEEE Custom Integrated Circuits Conference,A3,2017-2020
CICLING,International Conference on Intelligent Text Processing and Computational Linguistics,A4,2017-2020
CIDI,Congresso Internacional de Design da Informação,B4,2017-2020
CIDM,Symposium on Computational Intelligence and Data Mining,B4,2017-2020
CIDR,Biennial Conference on Innovative Data Systems Research,A2,2017-2020
CIG,IEEE Conference on Computational Intelligence and Games,B4,2017-2020
CIKM,ACM International Conference on Information and Knowledge Management,A1,2017-2020
CILAMCE,Iberian Latin American Congress on Computational Methods,B4,2017-2020
CISCI,"Conferencia Iberoamericana en Sistemas, Cibernética e Informática",B4,2017-2020
CISIS,"International Conference on Complex, Intelligent, and Software Intensive Systems",A4,2017-2020
CISTI,Iberian Conference on Information Systems and Technologies,A4,2017-2020
CIT,IEEE International Conference on Computer and Information Technology,B1,2017-2020
CITS,"International Conference on Computer, Information, and Telecommunication Systems",B1,2017-2020
CL,Corpus Linguistics Conference,B3,2017-2020
CLAIO,Latin-Ibero-American Conference on Operations Research,B4,2017-2020
CLEF,Conference and Labs of the Evaluation Forum,B1,2017-2020
CLEI,Conferencia Latinoamericana de Informática,B1,2017-2020
CLIHC,Latin American Conference on Human Computer Interaction,B4,2017-2020
CLOSER,International Conference on Cloud Computing and Services Science,A3,2017-2020
CLOUD,IEEE International Conference on Cloud Computing,A2,2017-2020
CloudCom,IEEE International Conference on Cloud Computing Technology and Science,A3,2017-2020
CLOUDCOMPUTING-IARIA,"IARIA International Conference on Cloud Computing, GRIDs, and Virtualization",B4,2017-2020
CLOUDDB,IEEE International workshop on Cloud data management,B4,2017-2020
CloudNet,IEEE International Conference on Cloud Networking,A4,2017-2020
CLOUDTECH,International Conference on Cloud Computing Technologies and Applications,B4,2017-2020
CLUSTER,IEEE International Conference on Cluster Computing,A3,2017-2020
CMMR,International Symposium on Computer Music Multidisciplinary Research,B1,2017-2020
CMN,Congress on Numerical Methods in Engineering,B4,2017-2020
CNMAC,Congresso Nacional de Matemática Aplicada e Computacional,B4,2017-2020
CNS,IEEE Conference on Communications and Network Security,A2,2017-2020
CNSM,International Conference on Network and Service Management,A4,2017-2020
CoARCH,Workshop On Computing Techniques For Spatio-Temporal Data in Archaeology And Cultural Heritage,B4,2017-2020
COCOA,International Conference on Combinatorial Optimization and Applications,B2,2017-2020
COCOON,International Computing and Combinatorics Conference,A4,2017-2020
CODASPY,ACM Conference on Data and Application Security and Privacy,A2,2017-2020
CODES+ISS,IEEE/ACM/IFIP International Conference on Hardware/Software Codesign and System Synthesis,A3,2017-2020
COG,IEEE Conference on Games,A2,2017-2020
COGNISE,International Workshop on Cognitive Aspects of Information Systems Engineering,B4,2017-2020
COGSCI,Annual Meeting of the Cognitive Science Society,A2,2017-2020
CogSIMA,IEEE International Multi-Disciplinary Conference on Cognitive Methods in Situation Awareness and Decision Support,B2,2017-2020
ColCACI,IEEE Colombian Conference on Applications in Computational Intelligence,B3,2017-2020
COLING,International Conference on Computational Linguistics,A1,2017-2020
CollaborateCom,"International Conference on Collaborative Computing: Networking, Applications and Worksharing",B3,2017-2020
CollabTech,International Conference on Collaboration Technologies and Social Computing,B4,2017-2020
COLT,Conference on Learning Theory,A1,2017-2020
CoMeSySo,Computational Methods in Systems and Software,B2,2017-2020
COMMA,International Conference on Computational Models of Argument,A4,2017-2020
COMPSAC,IEEE Computer Software and Applications Conference,A2,2017-2020
COMSNETS,International Conference on Communication Systems & NetworkS,A3,2017-2020
COMSOC,International Workshop on Computational Social Choice,B4,2017-2020
CONCUR,International Conference on Concurrency Theory,A3,2017-2020
CONEXT,Conference on Emerging Network Experiment and Technology,A2,2017-2020
CONFIRM,International Conference on Information Resources Management,B2,2017-2020
CONISOFT,International Conference in Software Engineering Research and Innovation,B2,2017-2020
CoNLL,Conference on Natural Language Learning,A1,2017-2020
CONTECSI,International Conference on Information Systems and Technology Management,B3,2017-2020
CONTEXT-BPM,International Workshop on Context for Business Process Management,B4,2017-2020
CONTROLO,APCA International Conference on Automatic Control and Soft Computing,B3,2017-2020
CoopIS,International Conference on Cooperative Information Systems,B3,2017-2020
CoRL,Conference on Robot Learning,A1,2017-2020
COSIT,International Conference on Spatial Information Theory,B2,2017-2020
COSN,Conference on Online Social Networks,B4,2017-2020
COURB,Workshop of Urban Computing,B4,2017-2020
CP,International Conference on Principles and Practice of Constraint Programming,A3,2017-2020
CPM,Annual Symposium on Combinatorial Pattern Matching,B1,2017-2020
CPP,International Conference on Certified Programs and Proofs,A3,2017-2020
CRIWG,International Workshop on Groupware,B3,2017-2020
CrownCom,International Conference on Cognitive Radio Oriented Wireless Networks,B2,2017-2020
CRV,Canadian Conference on Computer and Robot Vision,A4,2017-2020
CRYPTO,International Cryptology Conference,A1,2017-2020
CSBC,Congresso da Sociedade Brasileira de Computação,B4,2017-2020
CSBIO,International Conference on Computational Systems-Biology and Bioinformatics,B2,2017-2020
CSCL,International Conference on Computer Supported Collaborative Learning,A4,2017-2020
CSCN,IEEE Conference on Standards for Communications and Networking,A3,2017-2020
CSCW,ACM Conference on Computer Supported Cooperative Work & Social Computing,A1,2017-2020
CSCWD,IEEE International Conference on Computer Supported Cooperative Work in Design,A3,2017-2020
CSDS,Conference of the System Dynamics Society,B3,2017-2020
CSE,International Conference on Computational Science and Engineering,A4,2017-2020
CSEDU,International Conference on Computer Supported Education,A3,2017-2020
CSEE&T,Conference on Software Engineering Education and Training,A3,2017-2020
CSF,IEEE Computer Security Foundations Symposium,A2,2017-2020
CSI-SE,International Workshop on Crowdsourcing in Software Engineering,B2,2017-2020
CSL,Conference for Computer Science Logic,A3,2017-2020
CSMC,Conference on Computer Simulation of Musical Creativity,B3,2017-2020
CSNDSP,"International Symposium on Communication Systems, Networks and Digital Signal Processing",A4,2017-2020
CSNet,Cyber Security in Networking Conference,B1,2017-2020
CSOUND,International CSound Conference,B3,2017-2020
CTE,International Conference on Computational Thinking Education,B2,2017-2020
CTS,International Conference on Collaboration and Technology,B4,2017-2020
CVPR,IEEE Conference on Computer Vision and Pattern Recognition,A1,2017-2020
CVPRW,IEEE Conference on Computer Vision and Pattern Recognition Workshops,B3,2017-2020
CyberSA,"International Conference on Cyber Situational Awareness, Data Analytics and Assessment",B2,2017-2020
CyberSecurity,International Conference on Cyber Security And Protection Of Digital Services,B1,2017-2020
DAC,Design Automation Conference,A1,2017-2020
DAFX,International Conference on Digital Audio Effects,B2,2017-2020
DAMON,International Workshop on Data Management on New Hardware,B2,2017-2020
DARS,International Symposium on Distributed Autonomous Robotic Systems,B4,2017-2020
DASC,"IEEE International Conference on Dependable, Autonomic & Secure Computing",B4,2017-2020
DASFAA,International Conference on Database Systems for Advanced Applications,A3,2017-2020
DASIP,Conference on Design and Architectures for Signal and Image Processing,B3,2017-2020
DATA,"International Conference on Data Science, Technology and Applications",B4,2017-2020
DATAANALYTICS-IARIA,IARIA International Conference on Data Analytics,B4,2017-2020
DATE,"Design, Automation and Test in Europe Conference and Exhibition",A1,2017-2020
DAWAK,International Conference on Big Data Analytics and Knowledge Discovery,B2,2017-2020
DBKD-AIARIA,"IARIA International Conference on Advances in Databases, Knowledge, and Data Applications",B4,2017-2020
DBSec,IFIP WG 11.3 Conference on Data and Applications Security and Privacy,B1,2017-2020
DCAI,International Symposium on Distributed Computing and Artificial Intelligence,B1,2017-2020
DCASE,Workshop on Detection and Classification of Acoustic Scenes and Events,A4,2017-2020
DCC,Data Compression Conference,A3,2017-2020
DCOSS,International Conference on Distributed Computing in Sensor Systems,A4,2017-2020
DDECS,IEEE International Symposium on Design and Diagnostics of Electronic Circuits and Systems,B1,2017-2020
DEBS,International Conference on Distributed and Event-Based Systems,A3,2017-2020
DEPCOS,International Conference on Dependability and Complex Systems,B2,2017-2020
DESAFIE,Workshop de Desafios da Computação Aplicada à Educação,B4,2017-2020
DEXA,International Conference on Database and Expert Systems Applications,A4,2017-2020
DFT,IEEE International Symposium on Defect and Fault Tolerance in VLSI Systems,B1,2017-2020
DGCI,Discrete Geometry for Computer Imagery,B3,2017-2020
DGO,Annual International Conference on Digital Government Research,A3,2017-2020
DH,Digital Heritage,B4,2017-2020
DIGRA,Digital Games Research Association International Conference,A3,2017-2020
DILS,International Conference on Data Integration in Life Sciences,B3,2017-2020
DIMVA,"International Conference on Detection of Intrusions and Malware, and Vulnerability Assessment",A3,2017-2020
DIS,Conference on Designing Interactive Systems,A1,2017-2020
DISC,International Symposium on Distributed Computing,A3,2017-2020
DIVANET,ACM Symposium on Development and Analysis of Intelligent Vehicular Networks and Applications,B3,2017-2020
DL,International Workshop on Description Logics,A4,2017-2020
DLS,Dynamic Languages Symposium,B3,2017-2020
DMA,International Conference on Data Mining and Applications,B1,2017-2020
DMSVIVA,International DMS Conference on Visualization and Visual Languages,B4,2017-2020
DOCENG,ACM Symposium on Document Engineering,A4,2017-2020
DOLAP,International Workshop On Data Warehousing and OLAP,B4,2017-2020
DPM,International Workshop on Data Privacy Management,B4,2017-2020
DRCN,International Conference on the Design of Reliable Communication Networks,B1,2017-2020
DS,International Conference on Discovery Science,B1,2017-2020
DS-RT,IEEE/ACM International Symposium on Distributed Simulation and Real-Time Applications,B2,2017-2020
DSAA,IEEE International Conference on Data Science and Advanced Analytics,A3,2017-2020
DSAI,International Conference on Software Development for Enhancing Accessibility and Fighting Info-exclusion,B2,2017-2020
DSC,IEEE Conference on Dependable and Secure Computing,B1,2017-2020
DSD,"Euromicro Conference on Digital System Design, Architectures, Methods and Tools",A3,2017-2020
DSN,Annual IEEE/IFIP International Conference on Dependable Systems and Networks,A1,2017-2020
DSNW,IEEE International Conference on Dependable Systems and Networks Workshops,B3,2017-2020
DSP,International Conference on Digital Signal Processing,A4,2017-2020
DTIS,Design & Technology of Integrated Systems in Nanoscale Era,B2,2017-2020
DySPAN,IEEE Symposium on New Frontiers in Dynamic Spectrum Access Networks,A4,2017-2020
EACL,Conference of the European Chapter of the Association for Computational Linguistics,A1,2017-2020
EASE,International Conference on Evaluation and Assessment in Software Engineering,A3,2017-2020
EATIS,Euro American Conference on Telematics and Information Systems,B3,2017-2020
EC,ACM conference on Economics and Computation,A1,2017-2020
EC-TEL,European Conference on Technology Enhanced Learning,A3,2017-2020
ECAI,European Conference on Artificial Intelligence,A3,2017-2020
ECASE,IEEE/ACM International Workshop on Establishing the Community-Wide Infrastructure for Architecture-Based Software Engineering,B4,2017-2020
ECC,European Control Conference,A3,2017-2020
ECCTD,European Conference on Circuit Theory and Design,B2,2017-2020
ECCV,European Conference on Computer Vision,A1,2017-2020
ECIR,European Conference on Information Retrieval,A2,2017-2020
ECIS,European Conference on Information Systems,A2,2017-2020
ECML,European Conference on Machine Learning and Principles and Practice of Knowledge Discovery in Databases,A2,2017-2020
ECMR,European Conference on Mobile Robots,A3,2017-2020
ECMS,European Conference on Modelling and Simulation,B1,2017-2020
ECOOP,European Conference on Object-Oriented Programming,A3,2017-2020
ECRTS,Euromicro Conference on Real-Time Systems,A3,2017-2020
ECSA,European Conference on Software Architecture,A4,2017-2020
ECSCW,European Conference on Computer Supported Cooperative Work,B3,2017-2020
ECSQARU,European Conference on Symbolic and Quantitative Approaches to Reasoning and Uncertainty,B3,2017-2020
EDBT,International Conference on Extending Database Technology,A2,2017-2020
EDCC,European Dependable Computing Conference,A4,2017-2020
EDGE,International Conference on Edge Computing,A3,2017-2020
EDM,International Conference on Educational Data Mining,A2,2017-2020
EDOC,IEEE International Enterprise Distributed Object Computing Conference,A4,2017-2020
EDUCOMP,Simpósio Brasileiro de Educação em Computação,B3,2017-2020
EDUCON,IEEE Global Engineering Education Conference,B3,2017-2020
EECS,European Conference on Electrical Engineering and Computer Science,B3,2017-2020
EEEWC,"International Conference on e-Learning, e-Business, Enterprise Information Systems, and e-Government",B4,2017-2020
EGOV,International Conference on Electronic Government,B1,2017-2020
EGOV-CEDEM-EPART,International Conference on Electronic Government/International Conference for E-Democracy and Open Government,B1,2017-2020
EGOVIS,International Conference on Electronic Government and the Information Systems Perspective,B3,2017-2020
EICS,ACM SIGCHI Symposium on Engineering Interactive Computing Systems,A4,2017-2020
EIT,International Conference on Electro Information Technology,A3,2017-2020
EJC,International Conference on Information Modeling and Knowledge,B3,2017-2020
EM-GIS,International Workshop on the Use of GIS in Emergency Management,B4,2017-2020
EMAS,International Workshop on Engineering Multiagent Systems,B4,2017-2020
EMBC,Annual International Conference of the IEEE Engineering in Medicine and Biology Society,A1,2017-2020
EMBS,IEEE-EMBS International Conference on Biomedical and Health Informatics,A3,2017-2020
EMNLP,Conference on Empirical Methods in Natural Language Processing,A1,2017-2020
EMO,International Conference on Evolutionary Multi-Criterion Optimization,B1,2017-2020
EMSOFT,ACM International Conference on Embedded Software,B3,2017-2020
ENANPAD,Encontro Nacional da Associação Nacional de Pós-Graduação e Pesquisa em Administração,B3,2017-2020
ENASE,International Conference on Evaluation of Novel Approaches to Software Engineering,B1,2017-2020
ENCP,ACM CoNEXT Workshop on Emerging in-Network Computing Paradigms,B4,2017-2020
ENIAC,Encontro Nacional de Inteligencia Artificial e Computacional,B4,2017-2020
EPIA,Portuguese Conference on Artificial Intelligence,B2,2017-2020
ER,International Conference on Conceptual Modeling,A3,2017-2020
Ergodesign,Congresso Internacional de Ergonomia e Usabilidade de Interfaces Humano Tecnológica,B4,2017-2020
ESA,European Symposium on Algorithms,A3,2017-2020
ESANN,"European Symposium on Artificial Neural Networks, Computational Intelligence and Machine Learning",A3,2017-2020
ESCIENCE,IEEE International Conference on e-Science,A3,2017-2020
ESELAW,Workshop Latinoamericano de Ingeniería de Software Experimental,B4,2017-2020
ESEM,ACM/IEEE International Symposium on Empirical Software Engineering and Measurement,A2,2017-2020
ESOCC,European Conference on Service-Oriented and Cloud Computing,B1,2017-2020
ESOP,European Symposium on Programming,A2,2017-2020
ESORICS,European Symposium on Research in Computer Security,A2,2017-2020
ESSCIRC,European Solid State Circuits Conference,A3,2017-2020
ESSDERC,European Solid State Device Research Conference,A4,2017-2020
ESWC,Extended Semantic Web Conference,A2,2017-2020
ESWS,European Semantic Web Conference,A2,2017-2020
ETC,Encontro de Teoria da Computação,B4,2017-2020
ETFA,IEEE International Conference on Emerging Technologies and Factory Automation,A2,2017-2020
ETRA,ACM Symposium on Eye Tracking Research & Applications,A3,2017-2020
ETS,IEEE European Test Symposium,A4,2017-2020
EUC,IEEE/IFIP International Conferences on Embedded and Ubiquitous Computing,B4,2017-2020
EuCNC,European Conference on Networks and Communications,A2,2017-2020
EUMAS,European Conference on Multi-Agent Systems,B4,2017-2020
EURO,European Conference on Operational Research,B4,2017-2020
EUROCOMB,"European Conference on Combinatorics, Graph Theory and Applications",B2,2017-2020
EUROCRYPT,International Conference on Theory and Applications of Cryptographic Techniques,A1,2017-2020
EUROGRAPHICS,European Association for Computer Graphics,A1,2017-2020
EUROHAPTICS,Eurohaptics,A4,2017-2020
EuroMPI,European MPI Users Group Meeting,B4,2017-2020
EUROPAR,European Conference on Parallel Computing,A3,2017-2020
EuroPloP,European Conference on Pattern Languages of Programs,B2,2017-2020
EuroSPI,European Conference on Software Process Improvement,B1,2017-2020
EUROSYS,European Conference on Computer Systems,A1,2017-2020
EuroVis,EG/VGTC Conference on Visualization,A1,2017-2020
EUSFLAT,Conference of the European Society for Fuzzy Logic and Technology,B2,2017-2020
EUSIPCO,European Signal Processing Conference,A2,2017-2020
EVOAPPLICATIONS,European Conference on the Applications of Evolutionary Computation,A4,2017-2020
EVOCOP,European Conference on Evolutionary Computation in Combinatorial Optimization,B2,2017-2020
EWC,Embedded Word Conference,B4,2017-2020
EWSDN,European Workshop on Software Defined Networks,B3,2017-2020
EWSN,European Conference on Wireless Sensor Networks,B4,2017-2020
EXP.AT,Experiment@ International Conference,B2,2017-2020
FACS,International Conference on Formal Aspects of Component Software,A3,2017-2020
FASE,International Conference on Fundamental Approaches to Software Engineering,A3,2017-2020
FAST,USENIX Conference on File and Storage Technologies,A1,2017-2020
FC,International Conference on Financial Cryptography and Data Security,A1,2017-2020
FCCM,IEEE Annual International Symposium on Field-Programmable Custom Computing Machines,A2,2017-2020
FCT,International Symposium on Fundamentals of Computation Theory,B3,2017-2020
FCTA,International Conference on Fuzzy Computation Theory and Applications,B4,2017-2020
FDG,Foundations of Digital Games,A3,2017-2020
FDL,Forum on Specification and Design Languages,B4,2017-2020
FECS,International Conference on Frontiers in Education: Computer Science and Computer Engineering,B3,2017-2020
FEDCSIS,Federated Conference on Computer Science and Information Systems,A3,2017-2020
FGR,IEEE International Conference on Automatic Face and Gesture Recognition,A1,2017-2020
FiCloud,International Conference on Future Internet of Things and Cloud,A2,2017-2020
FIE,IEEE Frontiers in Education Conference,A3,2017-2020
FIT,International Conference on Forntiers of Information Technology,B1,2017-2020
FLAIRS,International Florida Artificial Intelligence Conference,A4,2017-2020
FLOPS,International Symposium on Functional and Logic Programming,B1,2017-2020
FM,International Symposium on Formal Methods,A3,2017-2020
FMCAD,International Conference on Formal Methods in Computer-Aided Design,A3,2017-2020
FOCS,IEEE Annual Symposium on Foundations of Computer Science,A1,2017-2020
FOIS,International Conference on Formal Ontology in Information Systems,B4,2017-2020
FormaliSE,International Conference on Formal Methods in Software Engineering,B1,2017-2020
FOSD,International Workshop on Feature-Oriented Software Development,B3,2017-2020
FoSSaCS,International Conference on Foundations of Software Science and Computation Structures,A3,2017-2020
FPGA,Symposium on Field Programmable Gate Arrays,A1,2017-2020
FPL,International Conference on Field-Programmable Logic and Applications,A2,2017-2020
FPT,IEEE International Conference on Field-Programmable Technology,A4,2017-2020
FROCOS,International Symposium on Frontiers of Combining Systems,B1,2017-2020
FSCD,International Conference on Formal Structures for Computation and Deduction,A3,2017-2020
FSE,Fast Software Encryption,B3,2017-2020
FSE/ESEC,Joint Meeting on European Software Engineering Conference and Foundations of Software Engineering,A1,2017-2020
FSEN,International Conference on Fundamentals of Software Engineering,B3,2017-2020
FSR,Conference on Field and Service Robotics,B4,2017-2020
FTC,Future Technologies Conference,A4,2017-2020
FUN,International Conference on Fun with Algorithms,B3,2017-2020
FUSION,International Conference on Information Fusion,A2,2017-2020
FUZZ,IEEE International Conference on Fuzzy Systems,A3,2017-2020
GameSec,Conference on Decision and Game Theory for Security,A3,2017-2020
GAS,International Workshop on Games and Software Engineering,B4,2017-2020
GbRPR,International Workshop on Graph-Based Representations in Pattern Recognition,B2,2017-2020
GECCO,Genetic and Evolutionary Computation Conference,A1,2017-2020
GECON,"International Conference on Economics of Grids, Clouds, Systems and Services",B2,2017-2020
GEFI,Global Experimentation for Future Internet,B4,2017-2020
GEM,"IEEE Games, Entertainment, Media Conference",B1,2017-2020
GeoAI,International Workshop on AI for Geographic Knowledge Discovery,B3,2017-2020
GEOBIA,Geographic Object-based Image Analysis,B3,2017-2020
GEOINFO,Brazilian Symposium on GeoInformatics,B1,2017-2020
GeoPROCESSING-IARIA,"IARIA International Conference on Advanced Geographic Information Systems, Applications, and Services",B3,2017-2020
GeoSim,International Workshop on Geospatial Simulation,B4,2017-2020
GI,Graphics Interface Conference,B1,2017-2020
GIIS,Global Information Infrastructure and Networking Symposium,B2,2017-2020
GIR,Workshop on Geographic Information Retrieval,B2,2017-2020
GIScience,International Conference on Geographic Information Science,A4,2017-2020
GLOBALSIP,Global Conference on Signal and Information Processing,A2,2017-2020
GLOBECOM,IEEE Global Communications Conference,A1,2017-2020
GLSVLSI,Great Lakes Symposium on VLSI,A3,2017-2020
GPC,International Conference on Grid And Pervasive Computing,B2,2017-2020
GPCE,ACM International Conference on Generative Programming: Concepts and Experiences,B3,2017-2020
GRAPP,International Conference on Computer Graphics Theory and Applications,B3,2017-2020
GreenCom,IEEE International Conference on Green Computing and Communications,A2,2017-2020
GROUP,International Conference on Supporting Group Work,A3,2017-2020
GVIZ,Workshop on New Directions in Geovisual Analytics,B4,2017-2020
GWN,International Global Wordnet Conference,B2,2017-2020
HAIS,International Conference on Hybrid Artificial Intelligence Systems,A4,2017-2020
HAPTICS,IEEE Haptics Symposium,A3,2017-2020
HASE,IEEE International Symposium on High Assurance Systems Engineering,A3,2017-2020
HCOMP,AAAI Conference on Human Computation and Crowdsourcing,A3,2017-2020
HCSE,International Conference on Human-Centered Software Engineering,B3,2017-2020
HEALTHCOM,"IEEE International Conference on E-health Networking, Application & Services",A3,2017-2020
HEALTHINF,International Conference on Health Informatics,A3,2017-2020
HEALTHINFO,"International Conference on Informatics and Assistive Technologies for Health-Care, Medical Support and Wellbeing",B4,2017-2020
HICSS,Hawaii International Conference on System Sciences,A1,2017-2020
HILDA,Workshop on Human-In-the-Loop Data Analytics,A4,2017-2020
HIMS,International Conference on Health Informatics and Medical Systems,B4,2017-2020
HIPC,IEEE International Conference on High Performance Computing,A3,2017-2020
HIS,International Conference on Hybrid Intelligent Systems,A4,2017-2020
HM,International Workshop on Hybrid Metaheuristics,B3,2017-2020
HOST,IEEE International Symposium on Hardware Oriented Security and Trust,A3,2017-2020
HOTNETS,ACM Workshop on Hot Topics in Networks,A3,2017-2020
HPCA,IEEE International Symposium on High Performance Computer Architecture,A1,2017-2020
HPCC,International Conference on High Performance Computing and Communications,A3,2017-2020
HPCS,International Conference on High Performance Computing & Simulation,A4,2017-2020
HPDC,International Symposium on High Performance Distributed Computing,A3,2017-2020
HPSR,IEEE High Performance Switching and Routing,B2,2017-2020
HRI,ACM/IEEE International Conference on Human Robot Interaction,A1,2017-2020
HS,Haskell Symposium,B3,2017-2020
HSCC,International Conference on Hybrid Systems: Computation and Control,A2,2017-2020
HT,ACM Conference on Hypertext and Social Media,A4,2017-2020
Humanoids,IEEE RAS International Conference on Humanoid Robot,A2,2017-2020
Hypertext,ACM Conference on Hypertext and Hypermedia,A3,2017-2020
i-SAIRAS,"International Symposium on Artificial Intelligence, Robotics and Automation in Space",B3,2017-2020
I/ITSEC,"Interservice/Industry Training, Simulation & Education Conference",B3,2017-2020
I2MTC,IEEE International Instrumentation and Measurement Technology Conference,A3,2017-2020
I3D,ACM SIGGRAPH Symposium on Interactive 3D Graphics and Games,A3,2017-2020
IAAI,International Conference of the Italian Association for Artificial Intelligence,B2,2017-2020
IAS,Industry Applications Society Annual Meeting,A2,2017-2020
IAV,IFAC Symposium on Intelligent Autonomous Vehicles,B4,2017-2020
IBERAMIA,Ibero-American Conference on Artificial Intelligence,B2,2017-2020
IBERCHIP,Workshop Iberchip,B4,2017-2020
IC2E,IEEE International Conference on Cloud Engineering,A2,2017-2020
IC3K,"International Joint Conference on Knowledge Discovery, Knowledge Engineering and Knowledge Management",B2,2017-2020
ICA3PP,International Conference on Algorithms and Architectures for Parallel Processing,B1,2017-2020
ICAART,International Conference on Agents and Artificial Intelligence,A4,2017-2020
ICAI,International Conference on Applied Informatics,B3,2017-2020
ICAISC,International Conference on Artificial Intelligence and Soft Computing,A4,2017-2020
ICAIWC,International Conference on Artificial Intelligence,B2,2017-2020
ICALP,"International Colloquium on Automata, Languages, and Programming",A2,2017-2020
ICALT,IEEE International Conference on Advanced Learning Technologies,A3,2017-2020
ICANN,International Conference on Artificial Neural Networks,A2,2017-2020
ICAPS,International Conference on Automated Planning and Scheduling,A2,2017-2020
ICAR,International Conference on Advanced Robotics,A3,2017-2020
ICARA,"International Conference on Automation, Robotics and Applications",B4,2017-2020
ICARM,International Conference on Advanced Robotics and Mechatronics,B1,2017-2020
ICAROB,International Conference on Artificial Life and Robotics,B3,2017-2020
ICARSC,IEEE International Conference on Autonomous Robot Systems and Competitions,B1,2017-2020
ICARV,"International Conference on Control, Automation, Robotics and Vision",A4,2017-2020
ICAS-IARIA,IARIA International Conference on Autonomic and Autonomous Systems,B1,2017-2020
ICASSP,"IEEE International Conference on Acoustics, Speech and Signal Processing",A1,2017-2020
ICB,International Conference on Biometrics,A2,2017-2020
ICBC,IEEE International Conference on Blockchain and Cryptocurrency,A4,2017-2020
ICBIP,International Conference on Biomedical Signal and Image Processing,B4,2017-2020
ICBK,International Conference on Big Knowledge,B2,2017-2020
ICBL,International Conference on Interactive Collaborative and Blended Learning,B4,2017-2020
ICC,IEEE International Conference on Communications,A1,2017-2020
ICCA,IEEE International Conference on Control and Automation,A4,2017-2020
ICCABS,International Conference on Computational Advances in Bio and Medical Sciences,B1,2017-2020
ICCAD,IEEE/ACM International Conference on Computer-Aided Design,A1,2017-2020
ICCAR,"International Conference on Control, Automation and Robotics",A4,2017-2020
ICCC,International Conference on Computational Creativity,A4,2017-2020
ICCCBE,International Conference on Computing in Civil and Building Engineering,B3,2017-2020
ICCCN,International Conference on Computer Communications and Networks,A2,2017-2020
ICCD,International Conference on Computer Design,A3,2017-2020
ICCDCS,"International Caribbean Conference on Devices, Circuits and Systems",B3,2017-2020
ICCE-EDU,International Conference on Computers in Education,B2,2017-2020
iCCECE,"International Conference on Computing, Electronics & Communications Engineering",B2,2017-2020
ICCHP,International Conference on Computers Helping People with Special Needs,B1,2017-2020
ICCL2,International Conference on Computational Logistics,B2,2017-2020
ICCP,IEEE International Conference on Intelligent Computer Communication and Processing,A4,2017-2020
ICCPR,International Conference on Computing and Pattern Recognition,B4,2017-2020
ICCPS,International Conference on Cyber-Physical Systems,A2,2017-2020
ICCS,International Conference on Computational Science,A4,2017-2020
ICCSA,International Conference on Computational Science and Its Applications,A3,2017-2020
ICCSPA,"International Conference on Communications, Signal Processing, and their Applications",B4,2017-2020
ICCStr,International Conference on Conceptual Structures,A2,2017-2020
ICCTCC,"International Conference on Computability Theory, Computability and Complexity",B3,2017-2020
ICCV,IEEE International Conference on Computer Vision,A1,2017-2020
ICCVW,IEEE International Conference on Computer Vision Workshops,B3,2017-2020
ICCW,IEEE International Conference on Communications Workshops,B3,2017-2020
ICDAR,International Conference on Document Analysis and Recognition,A1,2017-2020
ICDCN,International Conference on Distributed Computing and Networking,A3,2017-2020
ICDCS,International Conference on Distributed Computing Systems,A1,2017-2020
ICDCSW,International Conference on Distributed Computing Systems Workshops,B4,2017-2020
ICDE,IEEE International Conference on Data Engineering,A1,2017-2020
ICDF,IFIP International Conference on Digital Forensics,A4,2017-2020
ICDIM,International Conference on Digital Information Management,B2,2017-2020
ICDIP,International Conference on Digital Image Processing,A4,2017-2020
ICDL-EpiRob,IEEE International Conference on Development and Learning and Epigenetic Robotics,B4,2017-2020
ICDM,IEEE International Conference on Data Mining,A1,2017-2020
ICDMW,IEEE International Conference on Data Mining Workshop,B3,2017-2020
ICDT,International Conference on Database Theory,A3,2017-2020
ICE-CCN,"International Conference on Emerging Trends in Computing, Communication and Nanotechnology",B4,2017-2020
ICEBE,IEEE International Conference on e-Business Engineering,B1,2017-2020
ICEC,IFIP International Conference on Entertainment Computing,A4,2017-2020
ICECS,"IEEE International Conference on Electronics, Circuits and Systems",B1,2017-2020
ICEDEG,International Conference on eDemocracy & eGovernment,B1,2017-2020
ICEGOV,International Conference on Theory and Practice of Eletronic Governance,A4,2017-2020
ICEIS,International Conference on Enterprise Information Systems,A3,2017-2020
ICER,International Computing Education Research,A2,2017-2020
ICERI,"International Conference of Education, Research and Innovation",B3,2017-2020
ICFCA,International Conference on Formal Concept Analysis,B3,2017-2020
ICFEM,International Conference on Formal Engineering Methods,A4,2017-2020
ICFHR,International Conference on Frontiers in Handwriting Recognition,A3,2017-2020
ICFNDS,International Conference on Future Networks and Distributed Systems,A4,2017-2020
ICFP,International Conference on Functional Programming,B3,2017-2020
ICGI,International Conference on Grammatical Inference,B3,2017-2020
ICGJ,"International Conference on Game Jams, Hackathons, and Game Creation Events",B1,2017-2020
ICGSE,IEEE International Conference on Global Software Engineering,A4,2017-2020
ICGT,International Conference on Graph Transformation,B1,2017-2020
ICHI,IEEE International Conference on Healthcare Informatics,A3,2017-2020
ICIAP,International Conference on Image Analysis and Processing,A3,2017-2020
ICIAR,International Conference on Image Analysis and Recognition,A3,2017-2020
ICIC,International Conference on Intelligent Computing,A4,2017-2020
ICICS,International Conference on Information and Communications Security,B1,2017-2020
ICICT,International Conference on Information and Computer Technologies,B2,2017-2020
ICIDS,International Conference on Interactive Digital Storytelling,A3,2017-2020
ICIIECS,"International Conference on Innovations in Information, Embedded and Communication Systems",A4,2017-2020
ICINCO,"International Conference on Informatics in Control, Automation and Robotics",B1,2017-2020
ICIOT,International Conference on the Internet of Things,A4,2017-2020
ICIP,IEEE International Conference on Image Processing,A1,2017-2020
ICIRA,International Conference on Intelligent Robotics and Applications,B1,2017-2020
ICIS,International Conference on Information Systems,A2,2017-2020
ICISC,International Conference on Information Security and Cryptology,B4,2017-2020
ICISO,International Conference on Informatics and Semiotics in Organisations,B4,2017-2020
ICISS,International Conference on Information Systems Security,B2,2017-2020
ICIST,International Conference on Information and Software Technologies,B1,2017-2020
ICIT,IEEE International Conference on Industrial Technology,A2,2017-2020
ICITS,International Conference on Information Theoretic Security,B3,2017-2020
ICITST,International Conference for Internet Technology and Secured Transactions,A4,2017-2020
ICIVC,"International Conference on Image, Vision and Computing",A4,2017-2020
ICL,International Conference on Interactive Collaborative Learning,A4,2017-2020
ICLP,International Conference on Logic Programming,A3,2017-2020
ICLR,International Conference on Learning Representations,A1,2017-2020
ICM,International Conference on Microelectronics,B1,2017-2020
ICMA,IEEE International Conference on Mechatronics and Automation,A4,2017-2020
ICMC,International Computer Music Conference,A4,2017-2020
ICMCR,"International Conference on Mechatronics, Control and Robotics",B4,2017-2020
ICME,IEEE International Conference on Multimedia and Expo,A1,2017-2020
ICMEW,IEEE International Conference on Multimedia and Expo Workshops,B3,2017-2020
ICMI,ACM International Conference on Multimodal Interfaces,A2,2017-2020
ICMIS,International Conference on Mathematics & Information Science,B4,2017-2020
ICML,International Conference on Machine Learning,A1,2017-2020
ICMLA,IEEE International Conference on Machine Learning and Applications,A2,2017-2020
ICMLC,International Conference on Machine Learning and Computing,B1,2017-2020
ICMPC,International Conference on Music Perception and Cognition,B3,2017-2020
ICMR,ACM International Conference on Multimedia Retrieval,A2,2017-2020
ICN-IARIA,IARIA International Conference on Networks,B4,2017-2020
ICNC,"International Conference on Computing, Networking and Communications",A2,2017-2020
ICNC-FSKD,"International Conference on Natural Computation, Fuzzy Systems and Knowledge Discovery",A4,2017-2020
ICNP,International Conference on Network Protocols,A2,2017-2020
ICNSC,"IEEE International Conference on Networking, Sensing and Control",A4,2017-2020
ICOIN,International Conference on Information Networking,A3,2017-2020
ICOMPWC,International Conference on Internet Computing and Internet of Things,B3,2017-2020
ICONIP,International Conference on Neural Information Processing,A2,2017-2020
ICORES,International Conference on Operations Research and Enterprise Systems,B2,2017-2020
ICORR,IEEE International Conference on Rehabilitation Robotics,A3,2017-2020
ICPADS,International Conference on Parallel and Distributed Systems,A3,2017-2020
ICPC,International Conference on Program Comprehension,A2,2017-2020
ICPE,International Conference on Performance Engineering,A2,2017-2020
ICPME,"International Conference on Philosophy, Music and Emotion",B4,2017-2020
ICPP,International Conference on Parallel Processing,A4,2017-2020
ICPR,International Conference on Pattern Recognition,A1,2017-2020
ICRA,IEEE International Conference on Robotics and Automation,A1,2017-2020
ICRAE,International Conference on Robotics and Automation Engineering,B2,2017-2020
ICRC,IEEE International Conference on Rebooting Computing,A4,2017-2020
ICRES,International Conference on Robot Ethics and Standards,B4,2017-2020
ICS,International Conference on Supercomputing,A3,2017-2020
ICSC,International Conference on Semantic Computing,A3,2017-2020
ICSE,International Conference on Software Engineering,A1,2017-2020
ICSEA-IARIA,IARIA International Conference on Software Engineering Advances,B4,2017-2020
ICSESS,International Conference on Software Engineering and Service Science,A4,2017-2020
ICSEW,International Conference on Software Engineering Workshops,B3,2017-2020
ICSI,International Conference on Swarm Intelligence,A4,2017-2020
ICSIP,IEEE International Conference on Signal and Image Processing,A4,2017-2020
ICSLE,International Conference on Smart Learning Environments,B3,2017-2020
ICSME,IEEE International Conference on Software Maintenance and Evolution,A2,2017-2020
ICSOB,International Conference on Software Business,B2,2017-2020
ICSOC,International Conference on Service Oriented Computing,A3,2017-2020
ICSOFT,International Conference on Software Technologies,B2,2017-2020
ICSPCEC,"International Conference on Signal Processing, Communication, Power and Embedded System",A4,2017-2020
ICSR,International Conference on Software Reuse,B1,2017-2020
ICST,International Conference on Sensing Technology,B1,2017-2020
ICSTV,"IEEE International Conference on Software Testing, Verification and Validation",A2,2017-2020
ICSTW,"IEEE International Conference on Software Testing, Verification and Validation Workshops",B3,2017-2020
ICT,International Conference on Telecommunications,A3,2017-2020
ICTAC,International Colloquium on Theoretical Aspects of Computing,A4,2017-2020
ICTAI,IEEE International Conference on Tools with Artificial Intelligence,A3,2017-2020
ICTC,International Conference on Information and Communication Technology Convergence,A3,2017-2020
ICTCS,Italian Conference on Theoretical Computer Science,B3,2017-2020
ICTIR,Conference on the Theory of Information Retrieval,A4,2017-2020
ICTON,International Conference on Transparent Optical Networks,A4,2017-2020
ICTSS,IFIP International Conference on Testing Software and Systems,B2,2017-2020
ICUAS,International Conference on Unmanned Aircraft Systems,A2,2017-2020
ICUMT,International Conference on Ultra Modern Telecommunications,A4,2017-2020
ICVIIP,International Conference on Visualization: Imaging and Image Processing,B4,2017-2020
ICVR,International Conference on Virtual Rehabilitation,B1,2017-2020
ICVRV,International Conference on Virtual Reality and Visualization,B3,2017-2020
ICVS,International Conference on Computer Vision Systems,B2,2017-2020
ICWE,International Conference on Web Engineering,A3,2017-2020
ICWL,International Conference on Web-Based Learning,B3,2017-2020
ICWN,International Conference on Wireless Networks,A4,2017-2020
ICWS,IEEE International Conference on Web Services,A3,2017-2020
ICWSM,International AAAI Conference on Web and Social Media,A1,2017-2020
IDC,International Symposium on Intelligent Distributed Computing,B2,2017-2020
IDCS,International Conference on Internet and Distributed Computing Systems,B3,2017-2020
IDEAS,International Database Engineering and Applications Symposium,A4,2017-2020
IEAAIE,International Conference on Industrial Engineering & Other Applications of Appled Intelligence Systems,B1,2017-2020
IECON,Annual Conference of the IEEE Industrial Electronics Society,A2,2017-2020
IEEE IST,IEEE International Conference on Imaging Systems and Techniques,B4,2017-2020
IEEE NANO,IEEE Conference on Nanotechnology,B2,2017-2020
IEEE VIS,IEEE Visualization,A1,2017-2020
IEEECloudS,IEEE Cloud Summit,B4,2017-2020
IEEEISWC,IEEE International Symposium on Wearable Computers,A3,2017-2020
IEEENANO,International Conference on Nanotechnology,B2,2017-2020
IEEESCC,IEEE International Conference on Services Computing,B4,2017-2020
IESS,IFIP International Embedded Systems Symposium,B2,2017-2020
IESTEC,"International Engineering, Sciences and Technology Conference",B2,2017-2020
IFAC,World Congress of the International Federation of Automatic Control,A1,2017-2020
IFIPIoT,IFIP International Internet of Things Conference,B4,2017-2020
IFIPISC,IFIP International Information Security Conference,B2,2017-2020
IFM,International Conference on Integrated Formal Methods,A3,2017-2020
IFSA,World Congress of International Fuzzy Systems Association,B2,2017-2020
IGSC,International Green and Sustainable Computing Conference,B1,2017-2020
IH&MMSec,ACM Workshop on Information Hiding and Multimedia Security,A3,2017-2020
IHC,Simpósio Brasileiro sobre Fatores Humanos em Sistemas Computacionais,A3,2017-2020
IHM,Conférence Francophone sur l’Interaction Homme-Machine,B4,2017-2020
IIH-MSP,International Conference on Intelligent Information Hiding and Multimedia Signal Processing,B3,2017-2020
IISA,"International Conference on Information, Intelligence, Systems and Applications",A4,2017-2020
IISWC,IEEE International Symposium on Workload Characterization,A3,2017-2020
IIWAS,International Conference on Information Integration and Web-based Applications & Services,B1,2017-2020
IJCAI,International Joint Conference on Artificial Intelligence,A1,2017-2020
IJCAR,International Joint Conference on Automated Reasoning,A3,2017-2020
IJCCI,International Joint Conference on Computational Intelligence,B1,2017-2020
IJCNLP,International Joint Conference on Natural Language Processing,A2,2017-2020
IJCNN,IEEE International Joint Conference on Neural Networks,A1,2017-2020
ILA,Interaction Latin America,B4,2017-2020
ILP,International Conference on Inductive Logic Programming,B2,2017-2020
IM,IFIP/IEEE International Symposium on Integrated Network Management,A3,2017-2020
IMBSA,International Symposium on Model-Based Safety and Assessment,B3,2017-2020
IMC,ACM Internet Measurement Conference,A1,2017-2020
IMCOM,International Conference on Ubiquitous Information Management and Communication,B1,2017-2020
IMIS,International Conference on Innovative Mobile and Internet Services in Ubiquitous Computing,B1,2017-2020
IMOC,SBMO/IEEE MTT-S International Microwave and Optoelectronics Conference,B3,2017-2020
INCOS,International Conference on Intelligent Networking and Collaborative Systems,A4,2017-2020
INDIN,IEEE International Conference on Industrial Informatics,A3,2017-2020
INDOCRYPT,International Conference on Cryptology in India,B1,2017-2020
INDUSCON,International Conference on Industry Applications,B1,2017-2020
INFOCOM,IEEE International Conference on Computer Communications,A1,2017-2020
InfoVis,IEEE Information Visualization,B4,2017-2020
INLG,International Natural Language Generation conference,A3,2017-2020
INOC,International Network Optimization Conference,B4,2017-2020
INSCIT,"International Symposium on Instrumentation Systems, Circuits and Transducers",B3,2017-2020
INTECH,International Conference on Innovative Computing Technology,A4,2017-2020
INTELLISYS,SAI Intelligent Systems Conference,A4,2017-2020
INTERACT,IFIP TC 13 International Conference on Human-Computer Interaction,A3,2017-2020
INTERSPEECH,Conference of the International Speech Communication Association,A1,2017-2020
INTESA,INTelligent Embedded Systems Architectures and Applications Workshop,B3,2017-2020
IOLTS,IEEE International On-Line Testing Symposium,B1,2017-2020
IoTAAL,Workshop on Internet of Things for Ambient Assisted Living,B4,2017-2020
IoTBDS,International Conference on Internet of Things and Big Data and Security,A4,2017-2020
IOTSMS,"International Conference on Internet of Things: Systems, Management and Security",B2,2017-2020
IPAW,International Provenance and Annotation Workshop,B2,2017-2020
IPCCC,"International Performance, Computing, and Communications Conference",A4,2017-2020
IPCO,Conference on Integer Programming and Combinatorial Optimization,A3,2017-2020
IPCVWC,"International Conference on Image Processing, Computer Vision, and Pattern Recognition",B3,2017-2020
IPDLN,International Population Data Linkage Network,B4,2017-2020
IPDPS,IEEE International Parallel & Distributed Processing Symposium,A1,2017-2020
IPDPSW,IEEE International Parallel & Distributed Processing Symposium Workshops,B3,2017-2020
IPEC,International Symposium on Parameterized and Exact Computation,B1,2017-2020
IPMU,International Conference on Information Processing and Management of Uncertainty in Knowledge-Based Systems,B1,2017-2020
IPSN,International Conference on Information Processing in Sensor Networks,A2,2017-2020
IRC,IEEE International Conference on Robotic Computing,A4,2017-2020
IRI,IEEE International Conference on Information Reuse and Integration,A3,2017-2020
IRIS,IEEE International Symposium on Robotics and Intelligent Sensors,B2,2017-2020
IROS,IEEE/RSJ International Conference on Intelligent Robots and Systems,A1,2017-2020
ISAAC,International Symposium on Algorithms and Computation,A4,2017-2020
ISADS,International Symposium on Autonomous Decentralized Systems,B4,2017-2020
ISAM,IEEE International Symposium on Assembly and Manufacturing,B2,2017-2020
ISAmI,International Symposium on Ambient Intelligence,B3,2017-2020
ISAP,International Conference on Intelligent System Applications to Power Systems,B2,2017-2020
ISAS,International Static Analysis Symposium,A3,2017-2020
ISBI,IEEE International Symposium on Biomedical Imaging,A1,2017-2020
ISBRA,International Symposium on Bioinformatics Research and Applications,B1,2017-2020
ISC,International Supercomputing Conference,A3,2017-2020
ISC2,IEEE International Smart Cities Conference,A3,2017-2020
ISCA,International Symposium on Computer Architecture,A1,2017-2020
ISCAS,IEEE International Symposium on Circuits and Systems,A1,2017-2020
ISCC,International Symposium on Computers and Communications,A2,2017-2020
ISCIS,International Symposium on Computer and Information Sciences,A3,2017-2020
ISCO,International Symposium on Combinatorial Optimization,B3,2017-2020
ISCRAM,International Conference on Information Systems for Crisis Response and Management,A4,2017-2020
ISD,International Conference on Information Systems Development,B1,2017-2020
ISDA,International Conference on Intelligent Systems Design and Applications,B1,2017-2020
ISEA,International Symposium on Electronic Arts,B4,2017-2020
ISeC,International Conference on Information Security,B2,2017-2020
ISECON,Information Systems Education Conference,B2,2017-2020
ISER,International Symposium on Experimental Robotics,A3,2017-2020
ISGT,IEEE PES Innovative Smart Grid Technologies,A3,2017-2020
ISGT-Europe,IEEE PES Innovative Smart Grid Technologies Conference Europe,A3,2017-2020
ISGT-LA,IEEE PES Innovative Smart Grid Technologies Latin America,B2,2017-2020
ISI,IEEE International Conference on Intelligence and Security Informatics,A3,2017-2020
ISIE,IEEE International Symposium on Industrial Electronics,A3,2017-2020
ISLPED,International Symposium on Low Power Electronics and Design,A3,2017-2020
ISM,IEEE International Symposium on Multimedia,A3,2017-2020
ISMAR,IEEE International Symposium on Mixed and Augmented Reality,A2,2017-2020
ISMB/ECCB,Intelligent Systems for Molecular Biology / European Conference on Computational Biology,B3,2017-2020
ISMCR,International Symposium on Measurement and Control in Robotics,B4,2017-2020
ISMEM,International Symposium on Memory Management,B2,2017-2020
ISMIR,International Society for Music Information Retrieval Conference,A1,2017-2020
ISMIS,International Symposium on Methodologies for Intelligent Systems,B2,2017-2020
ISMM,International Symposium on Mathematical Morphology,B1,2017-2020
ISMR,International Symposium on Medical Robotics,B1,2017-2020
ISMSI,"International Conference on Intelligent Systems, Metaheuristics & Swarm Intelligence",B3,2017-2020
ISMVL,IEEE International Symposium on Multiple-Valued Logic,B1,2017-2020
ISNN,International Symposium on Neural Networks,A4,2017-2020
ISOLA,"International Symposium on Leveraging Applications of Formal Methods, Verification and Validation",A3,2017-2020
ISORC,IEEE International Symposium on RealTime Distributed Computing,A4,2017-2020
ISPASS,IEEE International Symposium on Performance Analysis of Systems and Software,A3,2017-2020
ISPD,ACM International Symposium on Physical Design,A3,2017-2020
ISPDC,International Symposium on Parallel and Distributed Computing,B2,2017-2020
ISQED,International Symposium on Quality Electronic Design,A4,2017-2020
ISR,IEEE International Conference on Intelligence and Safety for Robotics,B3,2017-2020
ISRR,International Symposium on Robotics Research,B3,2017-2020
ISS,ACM International Conference on Interactive Surfaces and Spaces,A3,2017-2020
ISSA,Information Security for South Africa,B4,2017-2020
ISSCC,IEEE International Solid-State Circuits Conference,A1,2017-2020
ISSI,International Society of Scientometrics and Informetrics Conference,B2,2017-2020
ISSRE,IEEE International Symposium on Software Reliability Engineering,A3,2017-2020
ISSREW,IEEE International Symposium on Software Reliability Engineering Workshops,B3,2017-2020
ISSTA,International Symposium on Software Testing and Analysis,A1,2017-2020
ISTAR,International i*Workshop,B4,2017-2020
ISVC,International Symposium on Visual Computing,A4,2017-2020
ISVLSI,IEEE Computer Society Annual Symposium on VLSI,A3,2017-2020
ISW,Information Security Conference,A4,2017-2020
ISWC,International Semantic Web Conference,A1,2017-2020
ISWCS,International Symposium on Wireless Communication Systems,A3,2017-2020
ITC,International Test Conference,A4,2017-2020
ITCS,Conference on Innovations in Theoretical Computer Science,A2,2017-2020
ITDRR,Information Technology in Disaster Risk Reduction,B3,2017-2020
ITHET,International Conference on Information Technology Based Higher Education and Training,B1,2017-2020
ITICSE,Conference on Innovation and Technology in Computer Science Education,A3,2017-2020
ITNG,International Conference on Information Technology : New Generations,B4,2017-2020
ITP,International Conference on Interactive Theorem Proving,A3,2017-2020
ITS,International Conference on Intelligent Tutoring Systems,A3,2017-2020
ITSC,IEEE International Conference on Intelligent Transportation Systems,A1,2017-2020
ITSS,Interactive Tabletops and Surfaces,B4,2017-2020
IUI,International Conference on Intelligent User Interfaces,A1,2017-2020
IV,International Conference on Information Visualization,B1,2017-2020
IVA,International Conference on Intelligent Virtual Agents,A3,2017-2020
IVAPP,International Conference on Information Visualization Theory and Applications,B2,2017-2020
IWANN,International Work-Conference on Artificial Neural Networks,B1,2017-2020
IWBBIO,International Work-Conference on Bioinformatics and Biomedical Engineering,A3,2017-2020
IWBF,International Workshop on Biometrics and Forensics,A4,2017-2020
IWCMC,International Wireless Communications and Mobile Computing Conference,A2,2017-2020
IWCS,International Workshop on Computational Semantics,B4,2017-2020
IWCTS,International Workshop on Computational Transportation Science,B2,2017-2020
IWGS,ACM Workshop on GeoStreaming,B3,2017-2020
IWOCA,International Workshop on Combinatorial Algorithms,B2,2017-2020
IWOMP,International Workshop on OpenMP,B1,2017-2020
IWS,Iberchip Workshop,B4,2017-2020
IWSECO,International Workshop on Software Ecosystems,B3,2017-2020
IWSSIP,"International Conference on Systems, Signals and Image Processing",A3,2017-2020
jAUTI,Iberoamerican Conference on Applications and Usability of Interactive TV,B4,2017-2020
JCDL,ACM/IEEE Joint Conference on Digital Libraries,A3,2017-2020
JCSG,Joint International Conference on Serious Games,B2,2017-2020
JSSPP,Workshop on Job Scheduling Strategies for Parallel Processing,B3,2017-2020
JURIX,International Conference on Legal Knowledge and Information Systems,B1,2017-2020
KDD,ACM SIGKDD Conference on Knowledge Discovery and Data Mining,A1,2017-2020
KDIR,International Conference on Knowledge Discovery and Information Retrieval,B1,2017-2020
KDMILE,"Symposium on Knowledge Discovery, Mining and Learning",B3,2017-2020
KEPS,Workshop on Knowledge Engineering for Planning and Scheduling,B4,2017-2020
KES,International Conference on Knowledge-Based and Intelligent Information & Engineering Systems,B4,2017-2020
KESAMSTA,International KES Conference on Agents and Multi-Agent Systems: Technologies and Applications,B3,2017-2020
KESW,International Conference on Knowledge Engineering and Semantic Web,B2,2017-2020
KMO,International Conference on Knowledge Management in Organizations,B2,2017-2020
KR,International Conference on Principles of Knowledge Representation and Reasoning,A3,2017-2020
L@S,ACM Conference on Learning @ Scale,A2,2017-2020
LA-CCI,Latin American Conference on Computational Intelligence,B2,2017-2020
LAC,Linux Audio Conference,B2,2017-2020
LACLO,Latin American Conference on Learning Objects and Technologies,B3,2017-2020
LADC,Latin-American Symposium on Dependable Computing,A4,2017-2020
LAGIRS,IEEE Latin American GRSS & ISPRS Remote Sensing Conference,B3,2017-2020
LAGOS,"Latin-American Algorithms, Graphs and Optimization Symposium",B4,2017-2020
LAK,International Learning Analytics and Knowledge Conference,A1,2017-2020
LANC,Latin American Networking Conference,B3,2017-2020
LANMAN,IEEE International Symposium on Local and Metropolitan Area Networks,B1,2017-2020
LANOMS,Latin American Network Operations and Management Symposium,B4,2017-2020
LARS,IEEE Latin American Robotics Symposium,B1,2017-2020
LASCAS,IEEE Latin American Symposium on Circuits and Systems,A4,2017-2020
LATIN,Latin American Theoretical Informatics Symposium,A3,2017-2020
LATINCLOUD,IEEE Latin America Conference on Cloud Computing and Communications,B4,2017-2020
LATINCOM,IEEE Latin-American Conference on Communications,B1,2017-2020
LATINCRYPT,International Conference on Cryptology and Information Security in Latin America,B2,2017-2020
LATINOWARE,Congresso Latino-americano de Software Livre e Tecnologias Abertas,B4,2017-2020
LATS,IEEE Latin American Test Symposium,B1,2017-2020
LAW,Linguistic Annotation Workshop,A3,2017-2020
LAWCG,Latin American Workshop on Cliques in Graphs,B4,2017-2020
LAWCN,Latin-American Workshop on Computational Neuroscience,B4,2017-2020
LAWEB,Latin American Web Congress,B4,2017-2020
LCN,IEEE Conference on Local Computer Networks,A3,2017-2020
LCTES,"ACM SIGPLAN/SIGBED Conference on Languages, Compilers, and Tools for Embedded Systems",B1,2017-2020
LCTRTS,"ACM SIGPLAN/SIGBED Conference on Languages, Compilers, and Tools for Real-Time Systems",B4,2017-2020
LDAV,IEEE Symposium on Large Data Analysis and Visualization,B4,2017-2020
LFCS,Symposium on Logical Foundations of Computer Science,B2,2017-2020
LICS,ACM/IEEE Symposium on Logic in Computer Science,A2,2017-2020
LIDTA,Workshop on Learning with Imbalanced Domains: Theory and Applications,B2,2017-2020
LINKDEM,Workshop on Linked Democracy : Artificial Intelligence for Democratic Innovation,B4,2017-2020
LION,Learning and Intelligent Optimization Conference,B1,2017-2020
LMCS,Logical Methods in Computer Science,A3,2017-2020
LocalRec,"International Workshop on Location-Based Recommendations, Geosocial Networks and Geoadvertising",B4,2017-2020
LocWeb,International Workshop on Location and the Web,B3,2017-2020
LoPaS,Location Privacy and Security Workshop,B4,2017-2020
LOPSTR,International Symposium on Logic-based Program Synthesis and Transformation,B1,2017-2020
LREC,International Conference on Language Resources and Evaluation,A1,2017-2020
LSFA,"International Workshop on Logical and Semantic Frameworks, with Applications",B3,2017-2020
LTEC,International Workshop on Learning Technology for Education Challenges,B3,2017-2020
M4IOT,Workshop on Middleware for Context-Aware Applications in the IoT,B4,2017-2020
MABS,International Workshop on Multi-Agent Based Simulation,B3,2017-2020
MANSDNNFV,International Workshop on Management of SDN and NFV Systems,B4,2017-2020
MASCOTS,"International Symposium on the Modeling, Analysis, and Simulation of Computer and Telecommunication Systems",A4,2017-2020
MASS,IEEE International Conference on Mobile Adhoc and Sensor Systems,A4,2017-2020
MASS2,IEEE International Conference on Mobile Ad-Hoc and Smart Systems,B4,2017-2020
MATES,German Conference on Multiagent System Technologies,B3,2017-2020
MCDM,International Conference on Multiple Criteria Decision Making,B4,2017-2020
MCM,International Conference on Mathematics and Computation in Music,B3,2017-2020
MCPR2,Mexican Conference on Pattern Recognition,B3,2017-2020
MCSoC,International Symposium on Embedded Multicore/Many-core Systems-on-Chip,B2,2017-2020
MDAI,International Conference on Modeling Decisions for Artificial Intelligence,B2,2017-2020
MDM,IEEE International Conference on Mobile Data Management,A3,2017-2020
MED,Mediterranean Conference on Control and Automation,A3,2017-2020
MedComNet,Mediterranean Communication and Computer Networking Conference,B4,2017-2020
MEDES,International Conference on Management of Emergent Digital EcoSystems,B4,2017-2020
MEDHOCNET,Mediterranean Ad Hoc Networking Workshop,A4,2017-2020
MEDINFO,World Congress on Medical and Health Informatics,A2,2017-2020
MEMEA,IEEE International Symposium on Medical Measurements and Applications,A4,2017-2020
MEMSYS,International Symposium on Memory Systems,A4,2017-2020
MEPDaW,Managing the Evolution and Preservation of the Data Web,B4,2017-2020
MESA,IEEE/ASME International Conference on Mechatronic and Embedded Systems and Applications,B1,2017-2020
META,International Workshop on Meta-Programming Techniques and Reflection,B4,2017-2020
MetaLearn,Workshop on Meta-Learning,B4,2017-2020
MFCS,International Symposium on Mathematical Foundations of Computer Science,A3,2017-2020
MFI,IEEE International Conference on Multisensor Fusion and Integration for Intelligent Systems,B1,2017-2020
MIC,Metaheuristics International Conference,B3,2017-2020
MICAI,Mexican International Conference on Artificial Intelligence,B2,2017-2020
MICRO,IEEE/ACM International Symposium on Microarchitecture,A1,2017-2020
MIDDLEWARE,International Middleware Conference,A3,2017-2020
MIE,Medical Informatics Europe,A2,2017-2020
MIG,ACM Siggraph Conference on Motion in Games,A4,2017-2020
MILCOM,Military Communications Conference,A2,2017-2020
MISE,Workshop on Modeling in Software Engineering,B3,2017-2020
MIXDES,International Conference on Mixed Design of Integrated Circuits and Systems,B2,2017-2020
ML4H,Machine Learning for Health,B1,2017-2020
MLDM,International Conference on Machine Learning and Data Mining in Pattern Recognition,B1,2017-2020
MLOBD,"International Workshop on Machine Learning, Optimization and Big Data",B2,2017-2020
MLSP,IEEE International Workshop on Machine Learning for Signal Processing,A3,2017-2020
MMAR,International Conference on Methods and Models in Automation and Robotics,A4,2017-2020
MMM,International Conference on Multimedia Modelling,A3,2017-2020
MMRP,International Workshop on Multilayer Music Representation and Processing,B2,2017-2020
MMSP,International Workshop on Multimedia and Signal Processing,A3,2017-2020
MMSYS,ACM Multimedia Systems Conference,A2,2017-2020
MNR,Mostra Nacional de Robótica,B4,2017-2020
MobiArch,Workshop on Mobility in the Evolving Internet Architecture,B3,2017-2020
MOBICOM,ACM/IEEE International Conference on Mobile Computing and Networking,A1,2017-2020
MOBIHOC,ACM International Symposium on Mobile Ad Hoc Networking and Computing,A2,2017-2020
MOBILEHCI,International Conference on Human-Computer Interaction with Mobile Devices and Services,A2,2017-2020
MOBILESOFT,International Conference on Mobile Software Engineering and Systems,A3,2017-2020
MOBIQUITOUS,"International Conference on Mobile and Ubiquitous Systems: Computing, Networking and Services",A4,2017-2020
MobiSys,"Annual International Conference on Mobile Systems, Applications, and Services",A1,2017-2020
MOBIWAC,ACM International Symposium on Mobility Management and Wireless Access,B2,2017-2020
MOCO,International Conference on Movement and Computing,B1,2017-2020
MODELS,International Conference on Model Driven Engineering Languages and Systems,A3,2017-2020
MODELSWARD,International Conference on Model-Driven Engineering and Software Development,A4,2017-2020
MODRE,International Model-Driven Requirements Engineering,B4,2017-2020
MODULARITY,International Conference on Modularity,B4,2017-2020
MoMM,International Conference on Advances in Mobile Computing & Multimedia,B2,2017-2020
MRS,International Symposium on Multi-Robot and Multi-Agent Systems,B1,2017-2020
MSN,International Conference on Mobile Ad-Hoc and Sensor Networks,B2,2017-2020
MSR,Working Conference on Mining Software Repositories,A1,2017-2020
MSSiS,Workshop deModelagem e Simulação de Sistemas Intensivos em Software,B4,2017-2020
MSST,IEEE Symposium on Mass Storage Systems and Technologies,B2,2017-2020
MSWIM,"ACM International Conference on Modeling, Analysis and Simulation of Wireless and Mobile Systems",A4,2017-2020
MTSR,International Conference on Metadata and Semantics Research,B2,2017-2020
MULTI,International Workshop on Multi-Level Modeling,B4,2017-2020
MULTITEMP,International Workshop on the Analysis of Multitemporal Remote Sensing Images,B2,2017-2020
MUM,International Conference on Mobile and Ubiquitous Multimedia,A4,2017-2020
MVA,IAPR International Conference on Machine Vision Applications,A3,2017-2020
MWE,Workshop on Multiword Expressions,B2,2017-2020
MWSCAS,International Midwest Symposium on Circuits and Systems,A4,2017-2020
NAACL,North American Chapter of the Association for Computational Linguistics Annual Meeting,A1,2017-2020
NAFIPS,Annual Conference of the North American Fuzzy Information Processing Society,B1,2017-2020
NCA,IEEE International Symposium on Network Computing and Applications,A4,2017-2020
NDSS,Network and Distributed System Security Symposium,A1,2017-2020
NESY@HLAI,Workshop on Neural-Symbolic Learning and Reasoning,B4,2017-2020
NETSOFT,IEEE Conference on Network Softwarization,A2,2017-2020
NetSys,International Conference on Networked Systems,B2,2017-2020
NETWORKING,IFIP Networking Conference,A3,2017-2020
NETWORKS,International Telecommunications Network Strategy and Planning Symposium,B2,2017-2020
NeurIPS,Neural Information Processing Systems,A1,2017-2020
NEW2AN,"International Conference on Internet of Things, Smart Spaces, and Next Generation Networks and Systems",B4,2017-2020
NEWCAS,IEEE International New Circuits and Systems Conference,B2,2017-2020
NFM,NASA Formal Methods Symposium,A3,2017-2020
NFV-SDN,IEEE Conference on Network Function Virtualization and Software Defined Networks,A4,2017-2020
NHT,Workshop on Narrative and Hypertext,B4,2017-2020
NIME,International Conference on New Interfaces for Musical Expression,A3,2017-2020
NLDB,International Conference on Application of Natural Language to Information Systems,B1,2017-2020
NOCS,ACM/IEEE International Symposium on Networks-on-Chip,A3,2017-2020
NOF,International Conference on Network of the Future,B1,2017-2020
NOMS,IEEE/IFIP Network Operations and Management Symposium,A2,2017-2020
NORCAS,Nordic Circuits and Systems Conference,B3,2017-2020
NordiCHI,Nordic Conference on Human-Computer Interaction,A3,2017-2020
NSDI,Networked Systems Design and Implementation,A1,2017-2020
NSS,Network and System Security,B2,2017-2020
NSV,International Workshop on Numerical Software Verification,B3,2017-2020
NTMS,"IFIP International Conference on New Technologies, Mobility and Security",A3,2017-2020
OCEAN,IEEE Oceans Conference,B1,2017-2020
OM,International Workshop on Ontology Matching,A4,2017-2020
ONDM,Conference on Optical Network Design and Modeling,B1,2017-2020
ONTOBRAS,Seminar on Ontology Research in Brazil,B3,2017-2020
Onward!,Onward!,B3,2017-2020
OOPSLA,"Conference on Object-Oriented Programming Systems, Languages, and Applications",B3,2017-2020
OpenSym,International Symposium on Open Collaboration,B1,2017-2020
OPODIS,International Conference on Principles of Distributed Systems,A3,2017-2020
OR,International Conference on Operations Research,B3,2017-2020
OSDI,USENIX Symposium on Operating Systems Design and Implementation,A1,2017-2020
OSS,International Conference on Open Source Systems,B1,2017-2020
OzCHI,Australian Conference on Human-Computer Interaction,A3,2017-2020
PAAMS,"International Conference on Practical Applications of Agents, Multi-Agent Systems and Sustainability",A3,2017-2020
PAAR,Practical Aspects of Automated Reasoning,B4,2017-2020
PACBB,International Conference on Practical Applications of Computational Biology & Bioinformatics,B1,2017-2020
PacificVis,IEEE Pacific Visualization Symposium,A3,2017-2020
PACIS,Pacific Asia Conference on Information Systems,A2,2017-2020
PACT,International Conference on Parallel Computing Technologies,B2,2017-2020
PACTT,International Conference on Parallel Architectures and Compilation Techniques,A3,2017-2020
PAKDD,Pacific-Asia Conference on Knowledge Discovery and Data Mining,A2,2017-2020
PAM,Passive and Active Network Measurement Conference,A3,2017-2020
ParCO,International Conference on Parallel Computing,B3,2017-2020
PATAT,International Conference on the Practice and Theory of Automated Timetabling,B4,2017-2020
PATMOS,"International Workshop on Power and Timing Modeling, Optimization and Simulation",B2,2017-2020
PATTERNS,International Conferences on Pervasive Patterns and Applications,B4,2017-2020
PDC,Participatory Design Conference,A3,2017-2020
PDCAT,"International Conference on Parallel and Distributed Computing, Applications and Technologies",B2,2017-2020
PDES,IFAC International Conference on Programmable Devices and Embedded Systems,B4,2017-2020
PDP,"Euromicro International Conference on Parallel, Distributed and Network-Based Processing",A4,2017-2020
PE-WASUN,"ACM International Symposium on Performance Evaluation of Wireless Ad Hoc, Sensor, and Ubiquitous Networks",B4,2017-2020
PECCS,Pervasive and Embedded Computing and Communication Systems,B4,2017-2020
PERCOM,International Conference on Pervasive Computing and Communications,A2,2017-2020
PerComW,IEEE International Conference on Pervasive Computing and Communication Workshops,B3,2017-2020
PervasiveHealth,International Conference on Pervasive Computing Technologies for Healthcare,A3,2017-2020
PESOS,International Workshop on Principles of Engineering Service-Oriented and Cloud Systems,B4,2017-2020
PETRA,ACM International Conference on PErvasive Technologies Related to Assistive Environments,A4,2017-2020
PG,Pacific Conference on Computer Graphics and Applications,A1,2017-2020
PGM,International Conference on Probabilistic Graphical Models,B3,2017-2020
PIMRC,"International Symposium on Personal, Indoor and Mobile Radio Communications",A2,2017-2020
PKC,International Conference on Practice and Theory in Public Key Cryptography,A2,2017-2020
PLATIAL,International Symposium on Platial Information Science,B4,2017-2020
PLDI,SIGPLAN Conference on Programming Language Design and Implementation,A1,2017-2020
PLOP,Conference on Pattern Languages of Programs,B4,2017-2020
PODC,ACM Symposium on Principles of Distributed Computing,A2,2017-2020
PODS,Symposium on Principles of Database Systems,A2,2017-2020
PoEM,IFIP WG 8.1 Working Conference on the Practice of Enterprise Modelling,B1,2017-2020
POPL,Symposium on Principles of Programming Languages,A1,2017-2020
POST,International Conference on Principles of Security and Trust,B1,2017-2020
PP,SIAM Conference on Parallel Processing for Scientific Computing,B4,2017-2020
PPAM,International Conference on Parallel Processing and Applied Mathematics,B3,2017-2020
PPDP,International Symposium on Principles and Practice of Declarative Programming,A4,2017-2020
PPOPP,ACM SIGPLAN Symposium on Principles and Practice of Parallel Programming,A2,2017-2020
PPSN,International Conference on Parallel Problem Solving from Nature,A3,2017-2020
PRDC,Pacific Rim International Symposium on Dependable Computing,B1,2017-2020
PredictGIS,International Workshop on Prediction of Human Mobility,B4,2017-2020
PRIMA,nternational Conference on Principles and Practice of Multi-Agent Systems,B2,2017-2020
PrivOn,"Workshop on Society, Privacy and the Semantic Web",B4,2017-2020
PROFES,International Conference on Product-Focused Software Process Improvement,A4,2017-2020
PROMISE,International Conference on Predictive Models and Data Analytics in Software Engineering,A4,2017-2020
PROPOR,International Conference on Computational Processing of the Portuguese Language,A4,2017-2020
PSB,Pacific Symposium on Biocomputing,A2,2017-2020
PSCC,Power Systems Computation Conference,A2,2017-2020
PST,"International Conference on Privacy, Security and Trust",A3,2017-2020
Q2SWinet,ACM Symposium on QoS and Security for Wireless and Mobile Networks,B3,2017-2020
QoMEX,International Workshop on Quality of Multimedia Experience,A2,2017-2020
QUATIC,International Conference on Quality of Information and Communications Technology,B2,2017-2020
RADECS,European Conference on Radiation and its Effects on Components and Systems,B2,2017-2020
RAHA,IEEE Internacional Conference on Robotics and Automation for Humanitarian Applications,B4,2017-2020
RAID,"International Symposium on Research in Attacks, Intrusions, and Defenses",A3,2017-2020
RANLP,International Conference on Recent Advances in Natural Language Processing,A3,2017-2020
RCAR,IEEE International Conference on Real-time Computing and Robotics,B1,2017-2020
RCIS,International Conference on Research Challenges in Information Science,B1,2017-2020
RE,IEEE International Requirements Engineering Conference,A2,2017-2020
REBLS,Workshop on Reactive and Event-Based Languages and Systems,B4,2017-2020
RECOMB,International Conference on Research in Computational Molecular Biology,A3,2017-2020
RECONFIG,International Conference on Reconfigurable Computing and FPGAs,B1,2017-2020
RECOSOC,International Symposium on Reconfigurable Communication-centric Systems-on-Chip,B2,2017-2020
RECSYS,ACM Conference on Recommender Systems,A1,2017-2020
REFSQ,International Working Conference on Requirements Engineering: Foundations for Software Quality,A4,2017-2020
RICE,International Conference on Research in Intelligent and Computing in Engineering,B2,2017-2020
RITA,International Conference on Robot Intelligence Technology and Applications,B3,2017-2020
RO-MAN,IEEE International Symposium on Robot and Human Interactive Communication,A2,2017-2020
ROBIO,IEEE International Conference on Robotics and Biomimetics,A3,2017-2020
ROBOCUP,Robocup International Symposium,A3,2017-2020
RoboSoft,IEEE International Conference on Soft Robotics,A4,2017-2020
ROBOT,Iberian Robotics Conference,B2,2017-2020
RoMoCo,International Workshop on Robot Motion and Control,B2,2017-2020
ROOTS,Reversing and Offensive-Oriented Trends Symposium,B4,2017-2020
ROSE,IEEE International Symposium on Robotic and Sensors Environments,B3,2017-2020
RSP,IEEE International Symposium on Rapid System Prototyping,B3,2017-2020
RSS,Robotics: Science and Systems,A1,2017-2020
RTAS,IEEE REAL-TIME AND EMBEDDED TECHNOLOGY AND APPLICATIONS SYMPOSIUM,A2,2017-2020
RTCSA,International Conference on Embedded and Real-Time Computing Systems and Applications,A3,2017-2020
RTIS,International Conference on Real Time Intelligent Systems,B3,2017-2020
RTSS,Real-Time Systems Symposium,A3,2017-2020
RuleML+RR,International Joint Conference on Rules and Reasoning,B1,2017-2020
S&P,IEEE Symposium on Security and Privacy,A1,2017-2020
SAC,ACM Symposium on Applied Computing,A2,2017-2020
SACI,IEEE International Symposium on Applied Computational Intelligence and Informatics,B1,2017-2020
SACMAT,ACM Symposium on Access Control Models and Technologies,A4,2017-2020
SACRYPT,Workshop on Selected Areas in Cryptography,A3,2017-2020
SAFECOMP,"International Conference on Computer Safety, Reliability, and Security",A3,2017-2020
SAMOS,"International Conference on Embedded Computer Systems: Architectures, Modeling and Simulation",B1,2017-2020
SANER,"IEEE International Conference on Software Analysis, Evolution and Reengineering",A1,2017-2020
SARNOFF,IEEE Sarnoff Symposium,B2,2017-2020
SAS,IEEE Sensors Applications Symposium,A3,2017-2020
SAST,Brazilian Symposium on Systematic and Automated Software Testing,B1,2017-2020
SAT,International Conference on Theory and Applications of Satisfiability Testing,A3,2017-2020
SBAC-PAD,International Symposium on Computer Architecture and High Performance Computing,A4,2017-2020
SBACPADW,International Symposium on Computer Architecture and High Performance Computing Workshop,B4,2017-2020
SBAI,Simpósio Brasileiro de Automação Inteligente,B4,2017-2020
SBBD,Simpósio Brasileiro de Banco de Dados,A4,2017-2020
SBCARS,"Brazilian Symposium on Components, Architectures and Reuse Software",B1,2017-2020
SBCAS,Simpósio Brasileiro de Computação Aplicada à Saúde,A4,2017-2020
SBCCI,Symposium on Integrated Circuits and Systems Design,A4,2017-2020
SBCM,Simpósio Brasileiro de Computação Musical,B1,2017-2020
SBCUP,Simpósio Brasileiro de Computação Ubíqua e Pervasiva,B4,2017-2020
SBES,Brazilian Symposium on Software Engineering,A3,2017-2020
SBESC,Brazilian Symposium on Computing Systems Engineering,A4,2017-2020
SBGAMES,Simpósio Brasileiro de Jogos e Entretenimento Digital,A4,2017-2020
SBIAGRO,Congresso Brasileiro de Agroinformática,B4,2017-2020
SBIE,Simpósio Brasileiro de Informática na Educação,A3,2017-2020
SBLP,Brazilian Symposium on Programming Languages,A4,2017-2020
SBMF,Brazilian Symposium on Formal Methods,A4,2017-2020
SBMICRO,Symposium on Microelectronics Technology and Devices,B4,2017-2020
SBPO,Simpósio Brasileiro de Pesquisa Operacional,A4,2017-2020
SBQS,Simpósio Brasileiro de Qualidade de Software,B1,2017-2020
SBRC,Simpósio Brasileiro de Redes de Computadores e Sistemas Distribuídos,A4,2017-2020
SBrT,Simpósio Brasileiro de Telecomunicações e Processamento de Sinais,B4,2017-2020
SBSC,Simpósio Brasileiro de Sistemas Colaborativos,B1,2017-2020
SBSeg,Simpósio Brasileiro de Segurança da Informação e de Sistemas Computacionais,A4,2017-2020
SBSI,Simpósio Brasileiro de Sistemas de Informação,A4,2017-2020
SBSR,Simpósio Brasileiro de Sensoriamento Remoto,B3,2017-2020
SBTI,Simpósio Brasileiro de Tecnologia da Informação,B4,2017-2020
SC,"International Conference for High Performance Computing, Networking, Storage and Analysis",A1,2017-2020
SCA,ACM SIGGRAPH/Eurographics Symposium on Computer Animation,A3,2017-2020
SCAM,IEEE International Working Conference on Source Code Analysis and Manipulation,A4,2017-2020
SCCTSA,"International Workshop on Smart City Clouds: Technologies, Systems and Applications",B4,2017-2020
SciVis,IEEE Scientific Visualization,B4,2017-2020
SCOPES,Software and Compilers for Embedded Systems,B2,2017-2020
SDM,SIAM International Conference on Data Mining,A1,2017-2020
SDPC,"International Conference on Sensing, Diagnostics, Prognostics, and Control",B3,2017-2020
SDS,International Conference on Software Defined Systems,A4,2017-2020
SE4Science,International Workshop on Software Engineering for Science,B2,2017-2020
SEA,International Symposium on Experimental Algorithms,A3,2017-2020
SEAA,Euromicro Conference on Software Engineering and Advanced Applications,A4,2017-2020
SeAC,Workshop on Self-Aware Computing,B4,2017-2020
SEAMS,International Symposium on Software Engineering for Adaptive and Self-Managing Systems,A3,2017-2020
SEC,International Conference on ICT Systems Security and Privacy Protection,A4,2017-2020
SeCoGis,International Workshop on Semantic and Conceptual Issues in Geographic Information Systems,B3,2017-2020
SECON,"IEEE International Conference on Sensing, Communication and Networking",A2,2017-2020
SECRYPT,International Conference on Security and Cryptography,B1,2017-2020
SEFM,International Conference on Software Engineering and Formal Methods,A3,2017-2020
SEGAH,International Conference on Serious Games and Applications for Health,A3,2017-2020
SEKE,International Conference on Software Engineering and Knowledge Engineering,A4,2017-2020
SEMEVAL,International Workshop on Semantic Evaluation,A1,2017-2020
SEMISH,Seminário Integrado de Software e Hardware,A4,2017-2020
SENSORNETS,International Conference on Sensor Networks,B2,2017-2020
SenSys,ACM Conference on Embedded Network Sensor Systems,A2,2017-2020
SEPLN,CONFERENCE OF THE SPANISH SOCIETY FOR NATURAL LANGUAGE PROCESSING,B4,2017-2020
SERA,"Software Engineering Research, Management and Applications",B2,2017-2020
SERIAL,Workshop on Scalable and Resilient Infrastructures for Distributed Ledgers,B2,2017-2020
SERP4IoT,International Workshop on Software Engineering Research & Practices for the Internet of Things,B3,2017-2020
SERVICES,IEEE World Congress on Services,B1,2017-2020
SESoS,International Workshop on Software Engineering for Systems-of-Systems,B3,2017-2020
SeWeBMeDA,Workshop on Semantic Web Solutions for Large-Scale Biomedical,B4,2017-2020
SGP,Eurographics Symposium on Geometry Processing,A1,2017-2020
SIBGRAPI,"Conference on Graphics, Patterns and Images",A3,2017-2020
SIES,International Symposium on Industrial Embedded Systems,B2,2017-2020
SIGCOMM,ACM SIGCOMM Conference,A1,2017-2020
SIGCSE,ACM Technical Symposium on Computer Science Education,A2,2017-2020
SIGDIAL,Annual Meeting of the Special Interest Group on Discourse and Dialogue,A2,2017-2020
SIGDOC,ACM International Conference on Design of Communication,B2,2017-2020
SIGGRAPH,International Conference and Exibition on Computer Graphics and Interactive Techniques,A1,2017-2020
SIGGRAPH Asia,ACM International Conference On Computer Graphics & Interactive Techniques / Asia,A1,2017-2020
SIGIR,International ACM SIGIR Conference on Research and Development in Information Retrieval,A1,2017-2020
SIGIReCom,SIGIR Workshop on eCommerce,B4,2017-2020
SIGKDD,ACM International Conference on Knowledge Discovery and Data Mining,B4,2017-2020
SIGMOD,ACM Conference on Management of Data,A1,2017-2020
SIGSE,ACM Technical Symposium on Computer Science Education,A2,2017-2020
SIGSPATIAL,ACM SIGSPATIAL International Conference on Advances in Geographic Information Systems,A3,2017-2020
SII,IEEE/SICE International Symposium on System Integration,B1,2017-2020
SIIE,Simpósio Internacional de Informática Educatica,B1,2017-2020
SIMBig,Annual International Symposium on Information Management and Big Data,B3,2017-2020
SIMPAR,"IEEE International Conference on Simulation, Modeling, and Programming for Autonomous Robots",B1,2017-2020
SIMPDA,International Sysmposium on Data-Driven Process Discovery and Analysis,B4,2017-2020
SIMULTECH,"International Conference on Simulation and Modeling Methodologies, Technologies and Applications",B2,2017-2020
SIoT,International Workshop on Secure Internet of Things,B3,2017-2020
SISAP,nternational Conference on Similarity Search and Applications,B1,2017-2020
SLATE,"Symposium on Languages, Applications and Technologies",B3,2017-2020
SLE,ACM SIGPLAN International Conference on Software Language Engineering,A4,2017-2020
SLERD,Conference on Smart Learning Ecosystems and Regional Development,B3,2017-2020
SMARTCOMP,International Conference on Smart Computing,A3,2017-2020
SMARTGREENS,International Conference on Smart Grids and Green ICT Systems,B2,2017-2020
SMARTGRIDCOMM,IEEE International Conference on Smart Grid Communications,A3,2017-2020
SMC,"IEEE International Conference on Systems, Man and Cybernetics",A2,2017-2020
SMusC,Sound and Music Computing Conference,B1,2017-2020
SNAA,Workshop on Social Network Analysis in Applications,B4,2017-2020
SOCA,IEEE Conference on Service-Oriented Computing and Applications,B4,2017-2020
SOCC,IEEE International System-on-Chip Conference,B1,2017-2020
SoCG,International Symposium on Computational Geometry,A3,2017-2020
SOCIALCOM,International Conference on Social Computing,A4,2017-2020
SOCINFO,International Conference on Social Informatics,A3,2017-2020
SoCPaR,International Conference on Soft Computing and Pattern Recognition,B3,2017-2020
SODA,ACM-SIAM Symposium on Discrete Algorithms,A1,2017-2020
SOFSEM,International Conference on Current Trends in Theory and Practice of Computer Science,B2,2017-2020
SOFTCOM,"International Conference on Software, Telecommunications and Computer Networks",A4,2017-2020
SOFTENG-IARIA,IARIA International Conference on Advances and Trends in Software Engineering,B4,2017-2020
SoftStart,International Workshop on Software Engineering for Startups,B4,2017-2020
SORT,IEEE Workshop on Self-Organizing Real-Time Systems,B4,2017-2020
SOSE,IEEE International Symposium on Service-Oriented System Engineering,A4,2017-2020
SoSEC,IEEE Annual System of Systems Engineering Conference,A3,2017-2020
SOSP,ACM Symposium on Operating Systems Principles,A1,2017-2020
SOSR,Symposium on Software Defined Networking Research,A2,2017-2020
SOUPS,Symposium On Usable Privacy and Security,A2,2017-2020
SoWeMi,International Workshop on Mining the Social Web,B4,2017-2020
SPAA,ACM Symposium on Parallelism in Algorithms and Architectures,A3,2017-2020
SpaCCS,"International Conference on Security, Privacy and Anonymity in Computation, Communication and Storage",B1,2017-2020
SPACE,"International Conference on Security, Privacy, and Applied Cryptography Engineering",B1,2017-2020
SpatialBigData,Spatial Big Data and Machine Learning in GIScience,B4,2017-2020
SpatialGems,ACM SIGSPATIAL International Workshop on Spatial Gems,B4,2017-2020
SPIRE,International Symposium on String Processing and Information Retrieval,B1,2017-2020
SPLASH,"ACM SIGPLAN Conference on Systems, Programming, Languages, and Applications: Software for Humanity",B1,2017-2020
SPLC,International Software Product Line Conference,A3,2017-2020
SPM,"International Conference on Signal, Image Processing and Multimedia",B4,2017-2020
SpringSim,Spring Simulation Conference,B1,2017-2020
SRDS,IEEE Symposium on Reliable Distributed Systems,A3,2017-2020
SSBSE,International Symposium on Search Based Software Engineering,B1,2017-2020
SSCC,International Symposium on Security in Computing and Communications,B2,2017-2020
SSCI,IEEE Symposium Series on Computational Intelligence,A2,2017-2020
SSDBM,International Conference on Scientific and Statistical Database Management,A3,2017-2020
SSIAI,Southwest Symposium on Image Analysis and Interpretation,B2,2017-2020
SSPR,International Workshop on Structural and Syntactic Pattern Recognition,B1,2017-2020
SSRR,"International Symposium on Safety, Security and Rescue Robotics",A3,2017-2020
SSTD,International Symposium on Spatial and Temporal Databases,A4,2017-2020
STACS,Symposium on Theoretical Aspects of Computer Science,A3,2017-2020
STIL,Brazilian Symposium in Information and Human Language Technology,B1,2017-2020
STOC,ACM Symposium on Theory of Computing,A1,2017-2020
SUGARLOAFPLOP,Latin American Conference on Pattern Languages of Programs,B4,2017-2020
SUI,Symposium on Spatial User Interaction,A3,2017-2020
SUM,International Conference on Scalable Uncertainty Management,B2,2017-2020
SustainIT,Conference on Sustainable Internet and ICT for Sustainability,B4,2017-2020
SVR,Symposium on Virtual and Augmented Reality,A4,2017-2020
SWAT,Scandinavian Workshop on Algorithm Theory,B2,2017-2020
SWQD,Conference Software Quality Days,A3,2017-2020
SYSCON,IEEE International Systems Conference,A4,2017-2020
SYSTOL,Conference on Control and Fault-Tolerant Systems,B1,2017-2020
TABLEAUX,International Conference on Automated Reasoning with Analytic Tableaux and Related Methods,B1,2017-2020
TAC,Text Analysis Conference,B1,2017-2020
TACAS,International Conference on Tools and Algorithms for the Construction and Analysis of Systems,A2,2017-2020
TAPAS,Workshop on Tools for Automatic Program Analysis,B4,2017-2020
TAROS,Conference Towards Autonomous Robotics Systems,A4,2017-2020
TASE,Theoretical Aspects of Software Engineering,B1,2017-2020
TCC,Theory of Cryptography,A1,2017-2020
TechDebt,International Conference on Technical Debt,B1,2017-2020
TEEM,Technological Ecosystems for Enhancing Multiculturality,A2,2017-2020
TEI,"International Conference on Tangible, Embedded and Embodied Interaction",A2,2017-2020
TextGraphs,Workshop on Graph-based Methods for Natural Language Processing,B2,2017-2020
TIMBRE,Interdisciplinary Workshop on Timbre,B4,2017-2020
TISE,Congreso Internacional de Informática Educativa,B4,2017-2020
TPDL,International Conference on Theory and Practice of Digital Libraries,A4,2017-2020
TREC,Text Retrieval Conference,B1,2017-2020
TRUST,International Workshop on Trust in Agent societies,B4,2017-2020
TRUSTCOM,"International Conference on Trust, Security and Privacy in Computing and Communications",A2,2017-2020
TSD,"International Conference on Text, Speech and Dialogue",A4,2017-2020
TVX,ACM International Conference on Interactive Experiences for TV and Online Video,A4,2017-2020
UAI,Conference on Uncertainty in Artificial Intelligence,A1,2017-2020
UBICOMM-IARIA,"IARIA International Conference on Mobile Ubiquitous Computing, Systems, Services and Technologies",B4,2017-2020
UbiComp,ACM International Joint Conference on Pervasive and Ubiquitous Computing,A1,2017-2020
UBIMUS,Workshop de Música Ubíqua,B4,2017-2020
UCAMI,International Conference on Ubiquitous Computing and Ambient Intelligence,B1,2017-2020
UCC,IEEE/ACM International Conference on Utility and Cloud Computing,A3,2017-2020
UIC,IEEE International Conference on Ubiquitous Intelligence and Computing,B1,2017-2020
UIST,ACM User Interface Software Technology Symposium,A1,2017-2020
UKSIM,International Conference on Computer Modelling and Simulation,B2,2017-2020
UMAP,"International Conference on User Modeling, Adaptation and Personalization",A2,2017-2020
UNET,International Symposium on Ubiquitous Networking,B2,2017-2020
UNIF,International Workshop on Unification,B4,2017-2020
UR,International Conference on Ubiquitous Robots and Ambient Intelligence,A4,2017-2020
USENIX Security,USENIX Security Symposium,A1,2017-2020
USIHC,Congresso Internacional de Ergonomia e Usabilidade de Interfaces Humano Computador,B4,2017-2020
UTP,International Symposium on Unifying Theories of Programming,B4,2017-2020
VALUETOOLS,EAI International Conference on Performance Evaluation Methodologies and Tools,B2,2017-2020
VAMOS,International Workshop on Variability Modelling of Software-intensive Systems,A4,2017-2020
VarDial,"Workshop on NLP for Similar Languages, Varieties and Dialects",A3,2017-2020
VAST,IEEE Conference on Visual Analytics Science and Technology,A3,2017-2020
VCIP,IEEE International Conference on Visual Communications and Image Processing,A3,2017-2020
VECIMS/CIVEMSA,IEEE International Conference on Virtual Environments Human-Computer Interfaces and Measurement Systems,B2,2017-2020
VECPAR,International Meeting on High Performance Computing for Computational Science,B4,2017-2020
VEE,International Conference on Virtual Execution Environments,B1,2017-2020
VEM,"Workshop on Software Visualization, Evolution and Maintenance",B4,2017-2020
Videojogos,Conference on Videogame Sciences and Arts,B4,2017-2020
VISAPP,International Conference on Computer Vision Theory and Applications,A3,2017-2020
VISIGRAPP,"Conference on Computer Vision, Imaging and Computer Graphics Theory and Applications",B2,2017-2020
VISSOFT,IEEE Working Conference on Software Visualization,B1,2017-2020
VLDB,International Conference on Very Large Data Bases,A1,2017-2020
VLHCC,IEEE Symposium on Visual Languages and Human-Centric Computing,A3,2017-2020
VLSI,International Conference on Very Large Scale Integration,B1,2017-2020
VLSI-DAT,"International Symposium on VLSI Design, Automation and Test",B2,2017-2020
VLSI-SOC,IEEE/IFIP International Conference on VLSI and System-on-Chip,B1,2017-2020
VLSID,International Conference on VLSI Design,A4,2017-2020
VMV,"Vision, Modeling & Visualization",B3,2017-2020
VNC,IEEE Vehicular Networking Conference,A3,2017-2020
VOILA,Visualization and Interaction for Ontologies and Linked Data,B4,2017-2020
VR,IEEE Virtual Reality Conference,A2,2017-2020
VRCAI,International Conference on Virtual Reality Continuum and its Applications,A4,2017-2020
VRST,ACM Symposium on Virtual Reality Software and Technology,A3,2017-2020
VS-Games,International Conference on Virtual Worlds and Games for Serious Applications,A3,2017-2020
VSMM,International Conference on Virtual Systems and MultiMedia,B2,2017-2020
VTC,Vehicular Technology Conference,A1,2017-2020
VTS,IEEE VLSI Test Symposium,B1,2017-2020
W2GIS,International Symposium Web and Wireless Geographical Information Systems,B2,2017-2020
W4A,Conference on Web Accessibility,A4,2017-2020
WABI,Workshop on Algorithms in Bioinformatics,A3,2017-2020
WAC,Web Audio Conference,B2,2017-2020
WACV,Workshop on Applications of Computer Vision,A1,2017-2020
WADS,Algorithms and Data Structures Symposium,B4,2017-2020
WAFR,Workshop on the Algorithmic Foundations of Robotics,A3,2017-2020
WAIHCWS,Workshop sobre Aspectos da Interação Humano-Computador para a Web Social,B4,2017-2020
WALCOM,International Workshop on Algorithms and Computation,B1,2017-2020
WAlgProg,"Workshop de Ensino em Pensamento Computacional, Algoritmos e Programação",B4,2017-2020
WAOA,Workshop on Approximation and Online Algorithms,B2,2017-2020
WASHES,"Workshop sobre Aspectos Sociais, Humanos e Econômicos de Software",B4,2017-2020
WASPAA,IEEE Workshop on Applications of Signal Processing to Audio and Acoustics,A3,2017-2020
WASSA,"Workshop on Computational Approaches to Subjectivity, Sentiment and Social Media Analysis",A3,2017-2020
WAVE,Workshop on Advanced Virtual Environments and Education,B4,2017-2020
WBL,Workshop Brasileiro de Lógica,B4,2017-2020
WBMA,Workshop Brasileiro de Métodos Ágeis,B4,2017-2020
WCAMA,Workshop de Computação Aplicada à Gestão do Meio Ambiente e Recursos Naturais,B4,2017-2020
WCAS,Workshop on Circuits and Systems Design,B4,2017-2020
WCBIE,Workshops do Congresso Brasileiro de Informática na Educação,B3,2017-2020
WCCE,IFIP World Conference on Computers in Education,B3,2017-2020
WCCI,IEEE World Congress on Computational Intelligence,B4,2017-2020
WCGE,Workshop de Computação Aplicada ao Governo Eletrônico,B4,2017-2020
WCGO,World Congress on Global Optimization,B3,2017-2020
WCISC,Workshop on Computational Intelligence and Smart Cities,B4,2017-2020
WCN,Workshop on Cloud Networks,B4,2017-2020
WCNC,IEEE Wireless Communications and Networking Conference,A2,2017-2020
WCNCW,IEEE Wireless Communications and Networking Conference Workshops,B3,2017-2020
WCNPS,Workshop on Communication Networks and Power Systems,B3,2017-2020
WCX,SAE World Congress Experience,B3,2017-2020
WD,Wireless Days Conference,A4,2017-2020
WDES,"Workshop on Distributed Software Development, Software Ecosystems and Systems-of-Systems",B3,2017-2020
WEB3D,International Conference on 3D Web Technology,A4,2017-2020
Web4All,International Web for All Conference,A3,2017-2020
WEBDB,International Workshop on the Web and Databases,B2,2017-2020
WEBIST,International Conference on Web Information Systems and Technologies,A4,2017-2020
WEBMEDIA,Brazilian Symposium on Multimedia and the Web,A4,2017-2020
WEBSCI,ACM Web Science Conference,A2,2017-2020
WEI,Workshop sobre Educação em Computação,A4,2017-2020
WER,Workshop on Requirements Engineering,B4,2017-2020
WESB,Workshop de Engenharia de Software Baseada em Busca,B4,2017-2020
WETICE,IEEE International Conference on Enabling Technologies: Infrastructure for Collaborative Enterprises,A3,2017-2020
WF-IoT,IEEE World Forum on Internet of Things,A2,2017-2020
WFCS,IEEE World Conference on Factory Communication Systems,A4,2017-2020
WG,International Workshop on Graph-Theoretic Concepts in Computer Science,A3,2017-2020
WGRS,Workshop de Gerência e Operação de Redes e Serviços,B4,2017-2020
WHISPERS,Workshop on Hyperspectral Image and Signal Processing: Evolution in Remote Sensing,B2,2017-2020
WI-IAT,IEEE/WIC/ACM International Conference on Web Intelligence and Intelligent Agent Technology,A3,2017-2020
WICSA,Working IEEE/IFIP Conference on Software Architecture,B1,2017-2020
WIE,Workshop de Informática na Escola,A4,2017-2020
WIFS,IEEE Workshop on Information Forensics and Security,A3,2017-2020
WIM,Workshop de Informática Médica,B4,2017-2020
WIMOB,"IEEE International Conference on Wireless and Mobile Computing, Networking and Communications",A4,2017-2020
WiOpt,"International Symposium on Modeling and Optimization in Mobile, Ad Hoc, and Wireless Networks",A3,2017-2020
WiPSCE,Workshop in Primary and Secondary Computing Education,A3,2017-2020
WISDOM,Workshop on Issues of Sentiment Discovery and Opinion Mining,B4,2017-2020
WISE,International Conference on Web Information Systems Engineering,A4,2017-2020
WiSec,ACM Conference on Security & Privacy in Wireless and Mobile Networks,A3,2017-2020
WISTP,International Conference on Information Security Theory and Practice,B2,2017-2020
WIT,Women in Information Technology,B3,2017-2020
WOCN,International Conference on Wireless and Optical Communications Networks,B2,2017-2020
WOLLIC,"International Workshop on Logic, Language, Information and Computation",A4,2017-2020
WOMoCoE,"International Workshop on Ontology Modularity, Contextuality, and Evolution",B4,2017-2020
WONS,Wireless On-demand Network systems and Services Conference,A4,2017-2020
WORKS,Workshop on Workflows in Support of Large-Scale Science,B3,2017-2020
WOSP,International Workshop on Mining Scientific Publications,B4,2017-2020
WOWMOM,"International Symposium on a World of Wireless, Mobile and Multimedia Networks",A2,2017-2020
WPEIF,Workshop de Pesquisa Experimental da Internet do Futuro,B4,2017-2020
WPerformance,Workshop em Desempenho de Sistemas Computacionais e de Comunicação,B4,2017-2020
WPES,Annual ACM workshop on Privacy in the electronic society,B4,2017-2020
WRLA,International Workshop on Rewriting Logic and its Applications,B3,2017-2020
WSC,Winter Simulation Conference,A2,2017-2020
WSCAD,Simpósio em Sistemas Computacionais de Alto Desempenho,B4,2017-2020
WSCDC,Workshop de Segurança Cibernética em Dispositivos Conectados,B4,2017-2020
WSCG,International Conference in Central Europe on Computer Graphics and Visualization and Computer Vision,B4,2017-2020
WSDM,ACM Conference International Conference on Web Search and Data Mining,A1,2017-2020
WSL,Workshop de Software Livre,B4,2017-2020
WSOM,"International Workshop on Self-Organizing Maps and Learning Vector Quantization, Clustering and Data Visualization",B3,2017-2020
WTF,Workshop de Testes e Tolerância a Falhas,B4,2017-2020
WTranS,Workshop de Transparência de Sistema,B4,2017-2020
WVC,Workshop de Visão Computacional,B4,2017-2020
WWW,International World Wide Web Conferences,A1,2017-2020
XP,International Conference on Agile Software Development,A3,2017-2020
